Frame,FingerName,PositionX,PositionY,PositionZ,RotationX,RotationY,RotationZ,RotationW
168,RightFinger1Tip,0.005206585,0.03786016,0.1067577,-0.3116695,-0.5291572,0.08800679,0.7842903
168,RightFinger2Tip,0.01222253,0.02174973,0.1159998,0.8826195,0.001471561,0.07232427,-0.4644907
168,RightFinger3Tip,0.02287209,0.006693244,0.1044122,0.9485508,-0.02799837,0.07291424,-0.3068429
168,RightFinger4Tip,0.03430164,0.005730867,0.1037329,0.9211875,-0.0278694,0.02112357,-0.3875467
168,RightFinger5Tip,0.05532146,0.01721609,0.1037177,0.707475,-0.0315544,0.018535,-0.7057916
169,RightFinger1Tip,0.005178332,0.03829741,0.1066166,-0.3114482,-0.529028,0.08802044,0.7844632
169,RightFinger2Tip,0.01232231,0.02215159,0.115909,0.8824812,0.001370865,0.0727099,-0.4646921
169,RightFinger3Tip,0.0229516,0.007108808,0.1043342,0.9486465,-0.02801379,0.07293096,-0.3065397
169,RightFinger4Tip,0.03437138,0.006171584,0.1036888,0.9211132,-0.02781053,0.02101924,-0.3877319
169,RightFinger5Tip,0.05539095,0.01776528,0.103609,0.7071773,-0.03155809,0.01858826,-0.7060878
170,RightFinger1Tip,0.004999161,0.04044569,0.1058994,-0.3103615,-0.5283934,0.08816291,0.7853054
170,RightFinger2Tip,0.01287866,0.0241431,0.1154049,0.8818225,0.0005283918,0.07528786,-0.4655336
170,RightFinger3Tip,0.02334988,0.009283423,0.104004,0.9489203,-0.0279817,0.07273132,-0.3057425
170,RightFinger4Tip,0.03479838,0.008432627,0.10347,0.9205669,-0.02776071,0.02100787,-0.3890311
170,RightFinger5Tip,0.05579054,0.02077162,0.1030778,0.7046177,-0.03137182,0.01845159,-0.708654
171,RightFinger1Tip,0.004693508,0.04278278,0.105062,-0.3093756,-0.527822,0.08855712,0.7860336
171,RightFinger2Tip,0.01359093,0.0267204,0.1148968,0.8802253,-0.0008746887,0.07856514,-0.4680076
171,RightFinger3Tip,0.02375388,0.01184607,0.1036543,0.9490374,-0.02801597,0.0724853,-0.305434
171,RightFinger4Tip,0.0354414,0.01109171,0.1031952,0.9197263,-0.02849981,0.02260763,-0.3908724
171,RightFinger5Tip,0.05625701,0.02446604,0.1024628,0.7004097,-0.03097189,0.01819718,-0.712837
172,RightFinger1Tip,0.004288197,0.04508281,0.1041197,-0.309065,-0.5278378,0.08842155,0.7861611
172,RightFinger2Tip,0.01400828,0.02943885,0.1143325,0.8786836,-0.00197578,0.08127292,-0.4704333
172,RightFinger3Tip,0.02399647,0.01445174,0.1032301,0.9491415,-0.02836225,0.07283439,-0.3049965
172,RightFinger4Tip,0.03598666,0.01389945,0.1028857,0.9188406,-0.02961782,0.02497209,-0.3927247
172,RightFinger5Tip,0.05667281,0.02828586,0.1018057,0.6953377,-0.03069223,0.01932244,-0.7177687
173,RightFinger1Tip,0.003818631,0.04790246,0.1028831,-0.3091566,-0.5279463,0.0893758,0.7859438
173,RightFinger2Tip,0.01448953,0.03294122,0.1135009,0.8768337,-0.002888712,0.08382493,-0.4734225
173,RightFinger3Tip,0.02440822,0.01765358,0.1025352,0.9492497,-0.02916034,0.07411399,-0.3042736
173,RightFinger4Tip,0.03665864,0.01744068,0.1023462,0.9176983,-0.03087355,0.0276836,-0.395109
173,RightFinger5Tip,0.05726302,0.0328846,0.1007402,0.6891071,-0.03058774,0.02192661,-0.7236823
174,RightFinger1Tip,0.002971292,0.05081093,0.1015788,-0.308902,-0.5274962,0.09159898,0.7860903
174,RightFinger2Tip,0.01442623,0.03650522,0.1126422,0.8750959,-0.002826067,0.08456472,-0.4764974
174,RightFinger3Tip,0.0245235,0.02090764,0.1019047,0.9489806,-0.02949113,0.07503178,-0.3048568
174,RightFinger4Tip,0.03672338,0.02112734,0.1018977,0.9162385,-0.03064801,0.02756052,-0.3985094
174,RightFinger5Tip,0.0571301,0.03743303,0.09969342,0.683001,-0.03039742,0.02195627,-0.7294554
175,RightFinger1Tip,-0.0013026,0.05943596,0.09715846,-0.3067462,-0.5252045,0.09846105,0.7876381
175,RightFinger2Tip,0.01235878,0.04906428,0.1100929,0.8651421,-0.002505256,0.08284728,-0.4946317
175,RightFinger3Tip,0.02404702,0.03205967,0.1009004,0.9425313,-0.03203132,0.08023763,-0.3227572
175,RightFinger4Tip,0.03586757,0.03352273,0.1011024,0.9062772,-0.03029792,0.02892223,-0.4206051
175,RightFinger5Tip,0.05595195,0.05189025,0.09627703,0.6575032,-0.02925623,0.02664307,-0.7524129
176,RightFinger1Tip,-0.003493786,0.06266832,0.09522924,-0.3050668,-0.5242419,0.1009807,0.7886123
176,RightFinger2Tip,0.01115263,0.05442786,0.108841,0.8598198,-0.002876898,0.08189043,-0.5039809
176,RightFinger3Tip,0.02389157,0.03708947,0.1009457,0.9364079,-0.03328825,0.08340014,-0.3392315
176,RightFinger4Tip,0.03569376,0.03895223,0.1008828,0.8989756,-0.0312973,0.03254087,-0.4356673
176,RightFinger5Tip,0.05533063,0.05801785,0.09464785,0.6420535,-0.02837496,0.02915413,-0.7655808
177,RightFinger1Tip,-0.006447911,0.06635499,0.09283298,-0.3023776,-0.5226042,0.1047821,0.7902372
177,RightFinger2Tip,0.009659171,0.06068146,0.1072125,0.851676,-0.003507347,0.08210446,-0.5175869
177,RightFinger3Tip,0.02330804,0.04332781,0.1011576,0.9272549,-0.03296358,0.08506628,-0.3631481
177,RightFinger4Tip,0.03513098,0.04523194,0.1004748,0.8896558,-0.03220106,0.03652831,-0.4540299
177,RightFinger5Tip,0.0544858,0.06517148,0.0923782,0.6231709,-0.02721694,0.0332538,-0.7809052
178,RightFinger1Tip,-0.009426355,0.06967366,0.09037685,-0.2995547,-0.5211079,0.1076554,0.7919121
178,RightFinger2Tip,0.007811666,0.06658268,0.1055698,0.8425893,-0.00335764,0.08116386,-0.5323961
178,RightFinger3Tip,0.02227676,0.04948723,0.101593,0.915868,-0.03051971,0.08443157,-0.3913142
178,RightFinger4Tip,0.03395426,0.05156267,0.1003248,0.877184,-0.03105376,0.03680639,-0.4777341
178,RightFinger5Tip,0.05308294,0.0720644,0.0899649,0.6029152,-0.0258371,0.03455834,-0.7966387
179,RightFinger1Tip,-0.01349568,0.07289231,0.08776644,-0.2958768,-0.518298,0.1155215,0.7940279
179,RightFinger2Tip,0.004930615,0.07394123,0.1035088,0.8296582,-0.002334636,0.07624144,-0.5530376
179,RightFinger3Tip,0.02110898,0.05727768,0.1020074,0.8986441,-0.02871091,0.08543496,-0.4293216
179,RightFinger4Tip,0.03240347,0.05932617,0.1000562,0.8590275,-0.02959501,0.03737109,-0.5097069
179,RightFinger5Tip,0.05165112,0.07930779,0.08704296,0.5778372,-0.02427074,0.04026829,-0.8147975
180,RightFinger1Tip,-0.01711261,0.07488632,0.08590555,-0.2930586,-0.5154439,0.1246557,0.7955476
180,RightFinger2Tip,0.002086401,0.08060277,0.1018134,0.8137694,-0.0007358658,0.06965379,-0.5769995
180,RightFinger3Tip,0.02041304,0.06387901,0.1019957,0.8817951,-0.02950622,0.09019492,-0.4619879
180,RightFinger4Tip,0.03136241,0.06575429,0.09944612,0.8429554,-0.02979361,0.04136145,-0.5355637
180,RightFinger5Tip,0.0512768,0.08502758,0.0843446,0.5543768,-0.0225314,0.05174994,-0.8303503
181,RightFinger1Tip,-0.0207448,0.07646441,0.08423126,-0.2902783,-0.5121729,0.1359553,0.7968279
181,RightFinger2Tip,-0.0008677244,0.08751965,0.0997586,0.7951373,0.0009879925,0.06183316,-0.603269
181,RightFinger3Tip,0.01997781,0.07064486,0.1012683,0.8643255,-0.03182286,0.09670413,-0.4925224
181,RightFinger4Tip,0.03034246,0.07284558,0.09841156,0.8236661,-0.02928351,0.04413306,-0.5645972
181,RightFinger5Tip,0.05215168,0.0905813,0.08093563,0.5299484,-0.0203197,0.07098234,-0.8448101
182,RightFinger1Tip,-0.02574503,0.07882404,0.08152035,-0.2836715,-0.5066409,0.1505918,0.8001059
182,RightFinger2Tip,-0.004208207,0.09526753,0.09610757,0.7755478,0.001304874,0.05638488,-0.6287653
182,RightFinger3Tip,0.01923048,0.0801698,0.09951088,0.8385323,-0.03317006,0.1025911,-0.5340779
182,RightFinger4Tip,0.02902091,0.08319986,0.09618038,0.7911803,-0.02756008,0.04645829,-0.6091938
182,RightFinger5Tip,0.05318952,0.09887373,0.07487276,0.4873372,-0.0162639,0.09310579,-0.8680844
183,RightFinger1Tip,-0.02863288,0.07984769,0.08018735,-0.2787367,-0.5028259,0.1605529,0.8023068
183,RightFinger2Tip,-0.005643845,0.09945595,0.09417588,0.7616065,0.001416657,0.0540859,-0.6457784
183,RightFinger3Tip,0.01889312,0.08519077,0.09831384,0.8235574,-0.03360477,0.1049102,-0.5564343
183,RightFinger4Tip,0.02913058,0.08831036,0.0946691,0.7725952,-0.02812348,0.05237316,-0.6321108
183,RightFinger5Tip,0.05420113,0.1029159,0.07134819,0.4601844,-0.01338379,0.1065724,-0.8813029
184,RightFinger1Tip,-0.03143144,0.08080685,0.07868814,-0.2746492,-0.4994662,0.1687335,0.8041342
184,RightFinger2Tip,-0.007486224,0.1028029,0.09228083,0.7506263,0.00181946,0.05211465,-0.6586671
184,RightFinger3Tip,0.01792252,0.08922994,0.09685662,0.8133105,-0.03432068,0.1068599,-0.5709032
184,RightFinger4Tip,0.02855659,0.09219027,0.09310445,0.760421,-0.02884005,0.05745159,-0.6462421
184,RightFinger5Tip,0.05391359,0.1060075,0.06865147,0.4431953,-0.01149765,0.1141827,-0.8890498
185,RightFinger1Tip,-0.03343511,0.08148372,0.07745254,-0.2726165,-0.4974086,0.1740409,0.804969
185,RightFinger2Tip,-0.009248853,0.1050611,0.09068242,0.7443673,0.002372151,0.05000478,-0.6658916
185,RightFinger3Tip,0.01667213,0.0920198,0.09560385,0.8075134,-0.03430284,0.1068812,-0.57907
185,RightFinger4Tip,0.02787733,0.09471786,0.09175327,0.7544132,-0.02975094,0.06165702,-0.6528205
185,RightFinger5Tip,0.05350351,0.1080345,0.06672066,0.4344471,-0.01045717,0.120477,-0.8925427
186,RightFinger1Tip,-0.03454602,0.08208156,0.07637087,-0.2725617,-0.4969978,0.1756861,0.8048848
186,RightFinger2Tip,-0.01131618,0.1063565,0.08955628,0.7421407,0.004609552,0.04438669,-0.6687577
186,RightFinger3Tip,0.01539755,0.09367764,0.09464288,0.8054504,-0.03338789,0.1056994,-0.5822062
186,RightFinger4Tip,0.0271579,0.09596765,0.09061834,0.7547836,-0.03080273,0.06471525,-0.6520481
186,RightFinger5Tip,0.0524199,0.1091837,0.06580859,0.4320964,-0.009912154,0.1210175,-0.8936169
187,RightFinger1Tip,-0.03529119,0.08277071,0.07521164,-0.273221,-0.4972883,0.1750548,0.804619
187,RightFinger2Tip,-0.01291358,0.1070023,0.08850521,0.7429596,0.006058141,0.04173709,-0.6680071
187,RightFinger3Tip,0.01389098,0.0942713,0.09363076,0.8092609,-0.03260268,0.1036736,-0.5773093
187,RightFinger4Tip,0.02583253,0.09655547,0.08961135,0.7594754,-0.03095181,0.06391877,-0.6466488
187,RightFinger5Tip,0.05060017,0.1102083,0.06525436,0.4306538,-0.009473475,0.1163449,-0.8949368
188,RightFinger1Tip,-0.03582966,0.08332944,0.07423285,-0.2739395,-0.4978874,0.1733527,0.8043725
188,RightFinger2Tip,-0.01366508,0.1071043,0.08774665,0.7450072,0.006085817,0.04363684,-0.6656004
188,RightFinger3Tip,0.01258874,0.0939672,0.09277731,0.8161793,-0.03260417,0.1025519,-0.5676901
188,RightFinger4Tip,0.02437806,0.09665084,0.08901048,0.7646542,-0.03047878,0.06136623,-0.6407887
188,RightFinger5Tip,0.04896355,0.1106659,0.0651474,0.4327925,-0.009496858,0.1123747,-0.8944122
189,RightFinger1Tip,-0.03638494,0.08382583,0.07328558,-0.274375,-0.4987656,0.17084,0.8042178
189,RightFinger2Tip,-0.01431322,0.1069767,0.08710685,0.74785,0.005871057,0.04619043,-0.6622341
189,RightFinger3Tip,0.01145291,0.09306026,0.09198877,0.8250146,-0.03338496,0.1027698,-0.554686
189,RightFinger4Tip,0.02285707,0.09588718,0.08880907,0.7724227,-0.03011218,0.05880192,-0.631665
189,RightFinger5Tip,0.04716873,0.1112229,0.06488812,0.4365428,-0.01003992,0.1072647,-0.8932106
190,RightFinger1Tip,-0.03642571,0.08422863,0.07265392,-0.2752657,-0.4997397,0.1683733,0.8038293
190,RightFinger2Tip,-0.01464725,0.1066868,0.08646265,0.7530241,0.005488961,0.04750562,-0.6562543
190,RightFinger3Tip,0.01042509,0.09164667,0.09139046,0.8355382,-0.03312912,0.1004374,-0.5391594
190,RightFinger4Tip,0.02166128,0.09478831,0.08862224,0.7814871,-0.02950014,0.0549552,-0.6207975
190,RightFinger5Tip,0.04574382,0.1114693,0.06471884,0.4418185,-0.01087071,0.1014448,-0.8912849
191,RightFinger1Tip,-0.03577447,0.08475947,0.07208344,-0.2773768,-0.5012937,0.1649877,0.8028368
191,RightFinger2Tip,-0.01433158,0.1050951,0.0858348,0.7672796,0.004316702,0.05075203,-0.6392875
191,RightFinger3Tip,0.009082794,0.08872497,0.09005988,0.8565057,-0.03315895,0.09449446,-0.5063302
191,RightFinger4Tip,0.02055931,0.09232819,0.08826211,0.7989099,-0.02906984,0.04952836,-0.5987037
191,RightFinger5Tip,0.04404569,0.1107241,0.06527859,0.4558128,-0.01269133,0.09187685,-0.8852304
192,RightFinger1Tip,-0.03438008,0.08571303,0.07109189,-0.2818352,-0.504077,0.1596994,0.8006079
192,RightFinger2Tip,-0.01365757,0.1015154,0.08432364,0.7983628,0.001025743,0.05696861,-0.5994765
192,RightFinger3Tip,0.007021666,0.0811919,0.0862413,0.9023089,-0.03660663,0.08725546,-0.420579
192,RightFinger4Tip,0.01857531,0.08523321,0.08672646,0.8456202,-0.0295421,0.03983795,-0.5314774
192,RightFinger5Tip,0.04052758,0.1069565,0.06763482,0.5085458,-0.01855913,0.07167607,-0.8578466
193,RightFinger1Tip,-0.03317511,0.08640254,0.07022586,-0.2872542,-0.5075601,0.156163,0.7971716
193,RightFinger2Tip,-0.01310349,0.09428108,0.08182168,0.85035,-0.006400143,0.06656331,-0.5219527
193,RightFinger3Tip,0.00413096,0.06912911,0.07925946,0.9567032,-0.04069874,0.0782396,-0.277385
193,RightFinger4Tip,0.01555395,0.07173312,0.08222634,0.9186482,-0.02990799,0.02554363,-0.3931153
193,RightFinger5Tip,0.03414702,0.09758973,0.07208407,0.6128099,-0.02692725,0.0351897,-0.7889883
194,RightFinger1Tip,-0.03146279,0.0875088,0.06877276,-0.2941335,-0.5121312,0.1508326,0.7927535
194,RightFinger2Tip,-0.01353312,0.07908261,0.07410809,0.9380054,-0.02443843,0.07941973,-0.3365157
194,RightFinger3Tip,0.0003141165,0.05365956,0.06285825,0.9966415,-0.04531141,0.06463419,-0.02182368
194,RightFinger4Tip,0.01148832,0.05258739,0.06977496,0.9883803,-0.02161278,-0.0008693163,-0.1504579
194,RightFinger5Tip,0.02543497,0.0782665,0.07499051,0.7756534,-0.0303155,-0.0182538,-0.6301675
195,RightFinger1Tip,-0.02870893,0.08880138,0.06699774,-0.3013802,-0.517399,0.1365727,0.789188
195,RightFinger2Tip,-0.01674318,0.06128347,0.05905613,0.9951785,-0.03398757,0.07445271,-0.05406535
195,RightFinger3Tip,-0.002302885,0.0462656,0.04000157,0.9573376,-0.03830662,0.04481787,0.2828965
195,RightFinger4Tip,0.01029825,0.04054213,0.04970342,0.9901607,-0.007596106,-0.02081563,0.1381755
195,RightFinger5Tip,0.0211035,0.0554781,0.06776422,0.9302615,-0.01893779,-0.05385836,-0.3624308
196,RightFinger1Tip,-0.02273953,0.09114158,0.06409773,-0.3072934,-0.5282297,0.1070638,0.7842726
196,RightFinger2Tip,-0.01766479,0.05365121,0.03658858,0.9569403,-0.03223805,0.05984116,0.2822173
196,RightFinger3Tip,-0.001646042,0.05167699,0.01816928,0.8170096,-0.01469027,0.02754897,0.5757797
196,RightFinger4Tip,0.01275516,0.03869987,0.02777329,0.9080958,0.02112814,-0.03953445,0.4163584
196,RightFinger5Tip,0.02257466,0.03661335,0.04539216,0.9944046,0.02359577,-0.1008356,0.02088909
197,RightFinger1Tip,-0.02358246,0.0937959,0.06080002,-0.3020667,-0.5256701,0.1224654,0.7857671
197,RightFinger2Tip,-0.0177139,0.05407012,0.02634838,0.9080377,-0.03388795,0.05854077,0.4133923
197,RightFinger3Tip,-0.001431704,0.05446827,0.00990659,0.7365323,-0.002533732,0.02523581,0.6759273
197,RightFinger4Tip,0.0137012,0.03928328,0.01739815,0.8458458,0.03547851,-0.04630445,0.530229
197,RightFinger5Tip,0.02490306,0.03282952,0.03011963,0.9647443,0.05212457,-0.1153652,0.2307459
198,RightFinger1Tip,-0.02643621,0.09429526,0.05845839,-0.3065726,-0.5245374,0.125342,0.7843239
198,RightFinger2Tip,-0.01983321,0.05555427,0.0193018,0.8657667,-0.06537249,0.06692926,0.4916261
198,RightFinger3Tip,-0.002708316,0.05515242,0.006647646,0.6989188,-0.02109687,0.02996692,0.7142624
198,RightFinger4Tip,0.01255083,0.03941178,0.01381397,0.8138337,0.0267563,-0.04216128,0.5789497
198,RightFinger5Tip,0.0248822,0.03357363,0.02301574,0.9256748,0.05024163,-0.1008719,0.3611488
199,RightFinger1Tip,-0.02743423,0.09377968,0.05762127,-0.313055,-0.5279933,0.1150456,0.7810158
199,RightFinger2Tip,-0.02090132,0.05672765,0.01629889,0.8449297,-0.08650907,0.0704667,0.5231115
199,RightFinger3Tip,-0.003198028,0.05474865,0.006432503,0.6928369,-0.03632945,0.03358347,0.7193959
199,RightFinger4Tip,0.01171625,0.03834534,0.01388258,0.8076742,0.0216176,-0.04064345,0.5878298
199,RightFinger5Tip,0.02438807,0.03403783,0.02154559,0.9032466,0.04540892,-0.09275056,0.4165116
200,RightFinger1Tip,-0.02673829,0.0938611,0.05655256,-0.3182295,-0.5328996,0.1019754,0.7773995
200,RightFinger2Tip,-0.02106392,0.05675292,0.01483339,0.8359625,-0.09591597,0.0732521,0.5353519
200,RightFinger3Tip,-0.003150463,0.05279779,0.006512463,0.7021138,-0.03560812,0.03503162,0.7103114
200,RightFinger4Tip,0.01129031,0.03611577,0.01400894,0.8117724,0.02077437,-0.04217819,0.5820786
200,RightFinger5Tip,0.02418637,0.03340292,0.02066052,0.8912299,0.04539707,-0.0931256,0.4415615
201,RightFinger1Tip,-0.02552652,0.09385252,0.05639595,-0.3217291,-0.5357874,0.0945575,0.7749079
201,RightFinger2Tip,-0.02076459,0.05626857,0.01481569,0.8368371,-0.1004696,0.07621353,0.5327314
201,RightFinger3Tip,-0.00284481,0.05120063,0.006897509,0.7115749,-0.03472627,0.03608871,0.7008238
201,RightFinger4Tip,0.01127422,0.03431678,0.01412868,0.8156786,0.02326638,-0.04509241,0.5762768
201,RightFinger5Tip,0.02428889,0.03262305,0.02027848,0.8855842,0.04859955,-0.09627824,0.4517861
202,RightFinger1Tip,-0.0240624,0.09340322,0.0568977,-0.3272838,-0.5394387,0.08947805,0.77064
202,RightFinger2Tip,-0.02042246,0.05561578,0.01525843,0.8412584,-0.1032371,0.07927734,0.524731
202,RightFinger3Tip,-0.002602339,0.04942846,0.007286668,0.7208987,-0.04091765,0.0393457,0.6907125
202,RightFinger4Tip,0.01124656,0.03256381,0.01447102,0.8210023,0.02612264,-0.04834346,0.568275
202,RightFinger5Tip,0.02440739,0.03133154,0.01974738,0.879653,0.04915664,-0.09892423,0.4626114
203,RightFinger1Tip,-0.02362049,0.0929538,0.05734807,-0.3309026,-0.5411286,0.08791122,0.7680852
203,RightFinger2Tip,-0.02043343,0.05532134,0.01543397,0.8425665,-0.1089888,0.08202359,0.5210333
203,RightFinger3Tip,-0.002653956,0.0486902,0.007455051,0.7241252,-0.04484638,0.04121131,0.6869743
203,RightFinger4Tip,0.01106822,0.03180468,0.01462767,0.8232838,0.02336983,-0.04746757,0.5651591
203,RightFinger5Tip,0.02430391,0.03079891,0.01966998,0.8775179,0.04800731,-0.09921948,0.466705
204,RightFinger1Tip,-0.02356994,0.09288657,0.0572347,-0.3325651,-0.5426275,0.08705243,0.7664066
204,RightFinger2Tip,-0.02037084,0.05483139,0.01538384,0.8435746,-0.1147547,0.08554199,0.5175873
204,RightFinger3Tip,-0.002598166,0.0481143,0.007522762,0.7277255,-0.04544734,0.04197779,0.683073
204,RightFinger4Tip,0.01095998,0.03098989,0.0144386,0.8243423,0.01964427,-0.04603026,0.5638755
204,RightFinger5Tip,0.02429414,0.03055131,0.01949492,0.8752173,0.04604839,-0.09827685,0.4713993
205,RightFinger1Tip,-0.02389705,0.09305513,0.05675375,-0.3326014,-0.5434937,0.0859816,0.7658981
205,RightFinger2Tip,-0.02035141,0.05451238,0.01525459,0.8447824,-0.1175793,0.08772676,0.5146099
205,RightFinger3Tip,-0.002559304,0.04751503,0.007662654,0.732924,-0.04409242,0.04214748,0.6775721
205,RightFinger4Tip,0.01085746,0.03038979,0.01441842,0.8257037,0.02020678,-0.04696731,0.5617836
205,RightFinger5Tip,0.02421153,0.03028548,0.01945904,0.8738806,0.04608721,-0.09884389,0.4737515
206,RightFinger1Tip,-0.02420008,0.09334671,0.05599731,-0.333571,-0.5439274,0.08461479,0.7653202
206,RightFinger2Tip,-0.02045166,0.05439019,0.01484823,0.8464679,-0.1151972,0.08767059,0.5123835
206,RightFinger3Tip,-0.002621889,0.04692566,0.00766924,0.7382144,-0.04451556,0.04289955,0.671728
206,RightFinger4Tip,0.01070285,0.03007674,0.01453805,0.8274716,0.02458723,-0.05008762,0.5587292
206,RightFinger5Tip,0.02396178,0.02996123,0.01954794,0.8738889,0.0465952,-0.1001799,0.4734055
207,RightFinger1Tip,-0.02411306,0.09335423,0.05589581,-0.3354258,-0.5443527,0.08636509,0.7640108
207,RightFinger2Tip,-0.02041185,0.05426216,0.0147236,0.8482155,-0.1144545,0.08815467,0.5095693
207,RightFinger3Tip,-0.002623916,0.04643488,0.007569849,0.7405185,-0.047843,0.0445678,0.6688492
207,RightFinger4Tip,0.01064885,0.02982068,0.01456445,0.8291622,0.02508538,-0.05072513,0.556138
207,RightFinger5Tip,0.02388573,0.02974391,0.01952615,0.874304,0.04464843,-0.09947756,0.4729749
208,RightFinger1Tip,-0.02353621,0.09306097,0.05630633,-0.3381266,-0.5463697,0.08734003,0.7612646
208,RightFinger2Tip,-0.02026355,0.05422282,0.01488999,0.8494585,-0.1167131,0.08936528,0.5067675
208,RightFinger3Tip,-0.002573609,0.04611433,0.007496655,0.7416109,-0.05044061,0.04583754,0.6673597
208,RightFinger4Tip,0.01071596,0.02963424,0.01440874,0.8296873,0.02287218,-0.04953458,0.5555567
208,RightFinger5Tip,0.02398491,0.02949166,0.01928657,0.8745684,0.04416531,-0.09984629,0.472453
209,RightFinger1Tip,-0.02365828,0.09328496,0.05590799,-0.3379075,-0.5464991,0.08722256,0.761282
209,RightFinger2Tip,-0.02028441,0.05402398,0.0147689,0.8497189,-0.120015,0.09128122,0.5052159
209,RightFinger3Tip,-0.002597928,0.04589891,0.007410169,0.7436323,-0.04891499,0.04557604,0.6652384
209,RightFinger4Tip,0.01064277,0.02951598,0.01431173,0.8305501,0.02048743,-0.04819484,0.5544774
209,RightFinger5Tip,0.0239135,0.02933598,0.01918012,0.8752721,0.04379145,-0.1002819,0.4710902
210,RightFinger1Tip,-0.02408302,0.09357142,0.05538693,-0.3368549,-0.5456089,0.08710482,0.7623999
210,RightFinger2Tip,-0.02040339,0.05384696,0.01471549,0.8510187,-0.1211756,0.09238228,0.5025436
210,RightFinger3Tip,-0.002650619,0.04575431,0.007447392,0.74594,-0.04537884,0.04449489,0.6629746
210,RightFinger4Tip,0.01049578,0.02930427,0.01444733,0.8325004,0.02192659,-0.04940255,0.5513824
210,RightFinger5Tip,0.02374029,0.02938414,0.01940936,0.876731,0.04567612,-0.1017637,0.4678693
211,RightFinger1Tip,-0.02399361,0.09354448,0.05532008,-0.3376781,-0.5459259,0.08605593,0.761928
211,RightFinger2Tip,-0.02047849,0.05375409,0.01477176,0.8523446,-0.1194653,0.09212788,0.5007501
211,RightFinger3Tip,-0.002693653,0.04566002,0.007486284,0.7470064,-0.04443918,0.04425891,0.661853
211,RightFinger4Tip,0.01043141,0.02917922,0.01455387,0.8335691,0.02443772,-0.05120216,0.5494954
211,RightFinger5Tip,0.02360642,0.02934313,0.01961547,0.878121,0.04650094,-0.1026359,0.464982
212,RightFinger1Tip,-0.02398503,0.09341955,0.05539039,-0.3387303,-0.5464997,0.08580265,0.761077
212,RightFinger2Tip,-0.02054834,0.05359387,0.01481456,0.8533174,-0.1177491,0.09198669,0.4995235
212,RightFinger3Tip,-0.002778172,0.04552531,0.007417381,0.7467186,-0.04821382,0.04575238,0.6618114
212,RightFinger4Tip,0.01038063,0.02911115,0.01461327,0.8340456,0.02576945,-0.05216454,0.5486194
212,RightFinger5Tip,0.0234946,0.02923989,0.01972562,0.8789526,0.04526408,-0.1021317,0.4636413
213,RightFinger1Tip,-0.02434361,0.09342134,0.05533576,-0.3383354,-0.5462997,0.08659433,0.7613074
213,RightFinger2Tip,-0.02060115,0.05343711,0.01487029,0.8539234,-0.119015,0.09294078,0.4980102
213,RightFinger3Tip,-0.00282383,0.04541111,0.007410675,0.7469906,-0.04917717,0.04622384,0.6614015
213,RightFinger4Tip,0.01031494,0.02907419,0.01462001,0.8340777,0.02396887,-0.05102179,0.5487606
213,RightFinger5Tip,0.02342272,0.02919364,0.01977992,0.878866,0.04395856,-0.1013154,0.4641114
214,RightFinger1Tip,-0.0246371,0.09356344,0.05506021,-0.3366879,-0.5462815,0.08518693,0.7622084
214,RightFinger2Tip,-0.02061307,0.0533551,0.01496249,0.8542604,-0.1214656,0.09413119,0.496614
214,RightFinger3Tip,-0.002769947,0.04538298,0.007566929,0.7484748,-0.04362915,0.04424836,0.6602456
214,RightFinger4Tip,0.01029074,0.02903879,0.01459831,0.8336289,0.02251826,-0.05008332,0.5495888
214,RightFinger5Tip,0.02338207,0.02913487,0.0198831,0.8790943,0.04557445,-0.1025822,0.4632429
215,RightFinger1Tip,-0.02458107,0.09323752,0.0555222,-0.3381705,-0.5469322,0.08641388,0.7609467
215,RightFinger2Tip,-0.02060974,0.05333126,0.01510215,0.8551033,-0.1182754,0.09299594,0.4961475
215,RightFinger3Tip,-0.002755165,0.04536271,0.007727414,0.7492915,-0.04336355,0.04415317,0.6593432
215,RightFinger4Tip,0.01033401,0.02896607,0.01462576,0.8331524,0.02522224,-0.05189334,0.5500262
215,RightFinger5Tip,0.0233748,0.02910709,0.02003708,0.8793994,0.04845269,-0.1045913,0.461921
216,RightFinger1Tip,-0.02428508,0.09309685,0.05580911,-0.3387901,-0.5465249,0.08551969,0.7610643
216,RightFinger2Tip,-0.020594,0.05335891,0.01526922,0.8556005,-0.1171214,0.09244595,0.4956662
216,RightFinger3Tip,-0.002778649,0.04530609,0.00783655,0.7489422,-0.04743991,0.04565894,0.6593565
216,RightFinger4Tip,0.01033556,0.02882791,0.01477402,0.8335322,0.02703964,-0.05318434,0.5492402
216,RightFinger5Tip,0.02336168,0.02906549,0.02019683,0.8794665,0.04748792,-0.1037646,0.4620792
217,RightFinger1Tip,-0.02434623,0.09291136,0.05611429,-0.3389333,-0.5465509,0.08573954,0.7609574
217,RightFinger2Tip,-0.02057326,0.05321288,0.01545203,0.8556885,-0.1201699,0.09394516,0.4945018
217,RightFinger3Tip,-0.002814889,0.04524612,0.007933438,0.7485934,-0.05197676,0.0473396,0.6592927
217,RightFinger4Tip,0.01029265,0.02869666,0.0148828,0.8341089,0.0245883,-0.05166111,0.5486259
217,RightFinger5Tip,0.02333629,0.02885365,0.02025366,0.879227,0.04513435,-0.1024113,0.4630728
218,RightFinger1Tip,-0.02443886,0.09283566,0.05623782,-0.3386666,-0.5467634,0.08591425,0.7609039
218,RightFinger2Tip,-0.02055728,0.05300605,0.01566792,0.8564099,-0.1199329,0.09445893,0.4932105
218,RightFinger3Tip,-0.002700448,0.04519606,0.008015037,0.7493287,-0.04442982,0.04466237,0.6591957
218,RightFinger4Tip,0.01030254,0.02864563,0.01481926,0.8336833,0.02235805,-0.0502147,0.5495015
218,RightFinger5Tip,0.02332485,0.02867675,0.02029088,0.8796539,0.04615439,-0.1035749,0.4619007
219,RightFinger1Tip,-0.0245198,0.09283566,0.05630016,-0.3383537,-0.5463446,0.08699836,0.7612208
219,RightFinger2Tip,-0.02054656,0.05307627,0.01567572,0.8564274,-0.118808,0.09380253,0.4935781
219,RightFinger3Tip,-0.002679706,0.04521966,0.008087009,0.749966,-0.04276178,0.04402768,0.6586241
219,RightFinger4Tip,0.01033413,0.02872813,0.01492769,0.8339137,0.02513437,-0.05195154,0.5488702
219,RightFinger5Tip,0.02334511,0.02876306,0.0203633,0.8799729,0.0486035,-0.1051197,0.4606921
220,RightFinger1Tip,-0.02439713,0.09276712,0.05648103,-0.3389804,-0.5458736,0.08847248,0.76111
220,RightFinger2Tip,-0.0205431,0.05316818,0.01561192,0.8561529,-0.1151224,0.09206778,0.4952511
220,RightFinger3Tip,-0.002759099,0.04528844,0.008145213,0.7503571,-0.04821599,0.04591636,0.657672
220,RightFinger4Tip,0.01034272,0.02878916,0.01507241,0.8347673,0.0275014,-0.05345586,0.5473122
220,RightFinger5Tip,0.02337718,0.02889657,0.02036926,0.8803177,0.04705262,-0.1036616,0.4605236
221,RightFinger1Tip,-0.02455652,0.09284675,0.0564557,-0.3384155,-0.5449854,0.09003347,0.7618142
221,RightFinger2Tip,-0.02052855,0.05310237,0.01562011,0.8557484,-0.1189499,0.09371241,0.4947372
221,RightFinger3Tip,-0.002764821,0.04531932,0.008130997,0.7501915,-0.04843866,0.04596371,0.6578412
221,RightFinger4Tip,0.01033902,0.02874172,0.01488012,0.8340818,0.02354375,-0.05090562,0.5487832
221,RightFinger5Tip,0.02337027,0.02890527,0.02037472,0.8807402,0.04624045,-0.103124,0.4599183
222,RightFinger1Tip,-0.02481985,0.09289849,0.0562984,-0.3375081,-0.5455849,0.08961405,0.7618373
222,RightFinger2Tip,-0.02052951,0.05303621,0.01567855,0.8559854,-0.1213843,0.09488004,0.4935122
222,RightFinger3Tip,-0.002696991,0.04530549,0.008128375,0.7503755,-0.04279565,0.04394748,0.6581607
222,RightFinger4Tip,0.01035213,0.02878702,0.01480618,0.8335566,0.02290444,-0.05043815,0.5496511
222,RightFinger5Tip,0.02333248,0.02886677,0.02045411,0.8815286,0.04782403,-0.1044743,0.4579374
223,RightFinger1Tip,-0.02514791,0.0930196,0.05622801,-0.3363894,-0.5441101,0.09154803,0.7631555
223,RightFinger2Tip,-0.02056885,0.05305052,0.01578134,0.8573586,-0.1171468,0.09328674,0.4924546
223,RightFinger3Tip,-0.002715826,0.04527867,0.008190751,0.7510159,-0.04259898,0.04389645,0.6574459
223,RightFinger4Tip,0.01038992,0.02886426,0.01487547,0.8334291,0.02715581,-0.05314162,0.5493954
223,RightFinger5Tip,0.0232563,0.02880359,0.02062672,0.8827804,0.04989561,-0.1062583,0.454884
224,RightFinger1Tip,-0.02491784,0.09278882,0.05653501,-0.3378037,-0.5445332,0.09166753,0.7622138
224,RightFinger2Tip,-0.02058053,0.05308557,0.01582015,0.8575063,-0.1169223,0.09306734,0.4922919
224,RightFinger3Tip,-0.00276804,0.04527104,0.008280814,0.751222,-0.04582207,0.04505213,0.6569147
224,RightFinger4Tip,0.01036882,0.02891386,0.01498368,0.8334786,0.02715795,-0.05306073,0.549328
224,RightFinger5Tip,0.02323771,0.02879012,0.02067798,0.8827471,0.04831818,-0.1050613,0.4553961
225,RightFinger1Tip,-0.02485812,0.0924623,0.05707461,-0.3389052,-0.5446805,0.0936015,0.7613844
225,RightFinger2Tip,-0.02054489,0.05297613,0.01593122,0.8571072,-0.1169147,0.09321868,0.4929593
225,RightFinger3Tip,-0.002772212,0.0452497,0.008408099,0.7509524,-0.04805936,0.04585656,0.6570075
225,RightFinger4Tip,0.01035011,0.02880573,0.0151003,0.8343555,0.02540468,-0.05199493,0.5481808
225,RightFinger5Tip,0.02326071,0.02873635,0.02073589,0.8828403,0.04654018,-0.1037484,0.4557016
226,RightFinger1Tip,-0.02497661,0.0925802,0.05696884,-0.3374411,-0.5441615,0.0929535,0.7624846
226,RightFinger2Tip,-0.02052259,0.05284238,0.01601741,0.8567392,-0.1184019,0.09407415,0.4930822
226,RightFinger3Tip,-0.002702594,0.04523647,0.008506626,0.7511261,-0.04356143,0.0442305,0.6572345
226,RightFinger4Tip,0.01037276,0.02873611,0.01504159,0.8337007,0.02465145,-0.0515435,0.5492538
226,RightFinger5Tip,0.02322268,0.02867842,0.0209052,0.8838013,0.04741774,-0.1045394,0.4535635
227,RightFinger1Tip,-0.02498174,0.09246552,0.05710009,-0.3382139,-0.5443888,0.09360904,0.7618992
227,RightFinger2Tip,-0.02055347,0.05287278,0.01607257,0.8576735,-0.1154695,0.09292349,0.4923705
227,RightFinger3Tip,-0.002686262,0.04520726,0.008461714,0.7508268,-0.04188024,0.04365889,0.6577234
227,RightFinger4Tip,0.01038814,0.02873802,0.0150519,0.8336456,0.02699648,-0.05308651,0.54908
227,RightFinger5Tip,0.02315247,0.02855456,0.02100202,0.8847877,0.04901216,-0.1061597,0.4510867
228,RightFinger1Tip,-0.02486527,0.09232438,0.05727866,-0.339206,-0.5446808,0.09433705,0.7611599
228,RightFinger2Tip,-0.02055085,0.05297685,0.01607904,0.8578914,-0.1157025,0.09276664,0.4919664
228,RightFinger3Tip,-0.002719522,0.04521871,0.008367747,0.7497661,-0.04557973,0.04499112,0.6585976
228,RightFinger4Tip,0.01042175,0.02883828,0.01504734,0.8331994,0.02839064,-0.05387889,0.5496098
228,RightFinger5Tip,0.02317584,0.02850986,0.02089468,0.8840225,0.04780094,-0.105326,0.4529098
229,RightFinger1Tip,-0.02505779,0.09246111,0.05716574,-0.3381554,-0.5438497,0.09515298,0.7621189
229,RightFinger2Tip,-0.02052057,0.0529815,0.01606721,0.8575378,-0.1186297,0.09389215,0.4916718
229,RightFinger3Tip,-0.002726912,0.04529262,0.008389592,0.7497396,-0.04729948,0.04552839,0.6584694
229,RightFinger4Tip,0.01043701,0.02898455,0.0149689,0.8323086,0.0254253,-0.05175821,0.5513059
229,RightFinger5Tip,0.02323067,0.02857614,0.02082273,0.8831632,0.04817098,-0.1053178,0.4545452
230,RightFinger1Tip,-0.02529597,0.0926857,0.05692348,-0.3362622,-0.5431235,0.09528638,0.7634568
230,RightFinger2Tip,-0.0204705,0.05288529,0.01610813,0.8572473,-0.1199563,0.09467976,0.491706
230,RightFinger3Tip,-0.002616525,0.04535389,0.008529425,0.7512694,-0.04029667,0.04293649,0.6573648
230,RightFinger4Tip,0.0104512,0.02895832,0.0150066,0.8326974,0.02523581,-0.05165602,0.5507371
230,RightFinger5Tip,0.02322853,0.02855325,0.02091905,0.8841055,0.04875956,-0.1058359,0.4525264
231,RightFinger1Tip,-0.02512777,0.09281802,0.05719179,-0.3351422,-0.5406849,0.09966315,0.7651197
231,RightFinger2Tip,-0.02021623,0.05319381,0.01623231,0.857987,-0.1121994,0.09101964,0.4929365
231,RightFinger3Tip,-0.002344966,0.04572475,0.008449376,0.7484965,-0.03965469,0.04235798,0.6605962
231,RightFinger4Tip,0.01075339,0.02923024,0.01497003,0.830722,0.03045456,-0.05461882,0.5531648
231,RightFinger5Tip,0.02330697,0.02852237,0.02129638,0.8869846,0.05178415,-0.108029,0.4459904
232,RightFinger1Tip,-0.0248673,0.09275162,0.05740225,-0.335647,-0.5403451,0.1008496,0.7649826
232,RightFinger2Tip,-0.02011847,0.05346942,0.01613188,0.8571841,-0.1107411,0.08969791,0.4949012
232,RightFinger3Tip,-0.002290845,0.04577827,0.008490503,0.748223,-0.04129339,0.04287787,0.6607718
232,RightFinger4Tip,0.01083457,0.02933133,0.0149501,0.8298087,0.03046005,-0.05445622,0.5545495
232,RightFinger5Tip,0.0233587,0.02844107,0.0212999,0.8872373,0.05169903,-0.1080972,0.4454807
233,RightFinger1Tip,-0.0251385,0.09301984,0.05716279,-0.3334527,-0.5389743,0.1017858,0.7667837
233,RightFinger2Tip,-0.0200578,0.05333698,0.01617855,0.8569587,-0.1134586,0.09109867,0.494421
233,RightFinger3Tip,-0.002242804,0.0457468,0.008529961,0.7483461,-0.04066894,0.04268483,0.6606842
233,RightFinger4Tip,0.01084447,0.02930498,0.01489234,0.8296319,0.02737029,-0.05248827,0.5551652
233,RightFinger5Tip,0.0233258,0.02835488,0.02143639,0.8885517,0.05020193,-0.1072897,0.4432227
234,RightFinger1Tip,-0.02527094,0.09321892,0.0569433,-0.3318458,-0.5384061,0.1014761,0.7679204
234,RightFinger2Tip,-0.02001119,0.05346,0.01627478,0.8574281,-0.1134387,0.09084702,0.4936571
234,RightFinger3Tip,-0.002161384,0.04575312,0.008633941,0.7491781,-0.03612055,0.04106205,0.6601084
234,RightFinger4Tip,0.01087141,0.02934277,0.01504982,0.8304226,0.03001885,-0.05413401,0.5536861
234,RightFinger5Tip,0.02335274,0.02838254,0.0214923,0.8887015,0.05265394,-0.1089892,0.4422219
235,RightFinger1Tip,-0.0249778,0.0928092,0.05743757,-0.3346717,-0.5398517,0.1024363,0.7655473
235,RightFinger2Tip,-0.0200069,0.05368793,0.01614326,0.857042,-0.1104623,0.08906282,0.4953246
235,RightFinger3Tip,-0.002200961,0.04574835,0.008554459,0.7480654,-0.04071266,0.0426946,0.6609982
235,RightFinger4Tip,0.01085854,0.02941203,0.01523542,0.8314831,0.03179693,-0.05519954,0.5518869
235,RightFinger5Tip,0.02340806,0.02843142,0.02138519,0.887859,0.05168504,-0.1080179,0.444262
236,RightFinger1Tip,-0.02511418,0.0928973,0.05732042,-0.3339789,-0.5395256,0.102421,0.766082
236,RightFinger2Tip,-0.02001286,0.05371368,0.01614049,0.8569204,-0.1116844,0.08945388,0.4951907
236,RightFinger3Tip,-0.002197504,0.04576433,0.008524299,0.7477313,-0.0401551,0.04248614,0.6614241
236,RightFinger4Tip,0.01085913,0.02941751,0.01510334,0.8307192,0.02953071,-0.05373661,0.553306
236,RightFinger5Tip,0.02339196,0.02840471,0.02139258,0.8880386,0.05182472,-0.1082265,0.4438363
237,RightFinger1Tip,-0.02540445,0.09317529,0.05697414,-0.3316797,-0.5386647,0.1016328,0.7677898
237,RightFinger2Tip,-0.02000606,0.05362785,0.01619181,0.8565076,-0.1151159,0.09094004,0.4948479
237,RightFinger3Tip,-0.002141714,0.04584503,0.008682787,0.7492965,-0.03395524,0.04020809,0.6601412
237,RightFinger4Tip,0.01087356,0.02952611,0.01502764,0.8297256,0.02774238,-0.05245145,0.5550095
237,RightFinger5Tip,0.02335906,0.02832043,0.02144241,0.8883634,0.05326017,-0.109576,0.4426832
238,RightFinger1Tip,-0.02530479,0.0929482,0.05732197,-0.3329448,-0.5387101,0.1031436,0.7670082
238,RightFinger2Tip,-0.02003813,0.05362701,0.0163098,0.8577304,-0.1100961,0.08906754,0.4942118
238,RightFinger3Tip,-0.002186894,0.04588187,0.008669436,0.7486877,-0.03726374,0.04133555,0.6605837
238,RightFinger4Tip,0.01091862,0.02949619,0.01513416,0.8303931,0.03336828,-0.05607754,0.5533444
238,RightFinger5Tip,0.02335477,0.02829099,0.02145922,0.8885682,0.05361617,-0.1099314,0.44214
239,RightFinger1Tip,-0.02518868,0.09270322,0.05764899,-0.3341382,-0.5392255,0.103866,0.7660291
239,RightFinger2Tip,-0.02006245,0.05344808,0.01636279,0.8577555,-0.1084089,0.08879962,0.4945892
239,RightFinger3Tip,-0.002244711,0.04590809,0.008601069,0.7472148,-0.04189046,0.0429344,0.6618706
239,RightFinger4Tip,0.01092267,0.02950513,0.01512796,0.8299688,0.03326296,-0.05598108,0.5539966
239,RightFinger5Tip,0.02336037,0.02826536,0.02143025,0.888299,0.05233599,-0.1090125,0.4430608
240,RightFinger1Tip,-0.02574587,0.09291875,0.05740225,-0.3314226,-0.5382196,0.1047316,0.7677966
240,RightFinger2Tip,-0.02007556,0.05333745,0.0164229,0.8572598,-0.1105884,0.08980331,0.494785
240,RightFinger3Tip,-0.002206087,0.04597044,0.008630216,0.7469224,-0.0372383,0.04124344,0.6625859
240,RightFinger4Tip,0.01091611,0.02945054,0.01494801,0.829017,0.02956784,-0.05368051,0.5558566
240,RightFinger5Tip,0.02334321,0.02831304,0.02151564,0.8892661,0.05089296,-0.1078945,0.441561
241,RightFinger1Tip,-0.0257796,0.09289873,0.05748403,-0.331168,-0.537793,0.105319,0.7681248
241,RightFinger2Tip,-0.02010441,0.05359638,0.01647335,0.8577791,-0.1083509,0.08824155,0.4946609
241,RightFinger3Tip,-0.002197027,0.0460552,0.008743525,0.7478541,-0.0332052,0.0397447,0.6618409
241,RightFinger4Tip,0.01098084,0.02966642,0.01501417,0.8287231,0.03380578,-0.05611343,0.5558127
241,RightFinger5Tip,0.02329504,0.0284282,0.02175486,0.8909974,0.05555234,-0.1112729,0.4366435
242,RightFinger1Tip,-0.02554691,0.09261215,0.05789301,-0.3330531,-0.5381592,0.1066827,0.7668639
242,RightFinger2Tip,-0.0201292,0.05366874,0.01654798,0.8583562,-0.1082795,0.0880219,0.4937142
242,RightFinger3Tip,-0.002284527,0.04603946,0.008705437,0.7473108,-0.0380855,0.04145804,0.6620862
242,RightFinger4Tip,0.01096714,0.02982926,0.01510769,0.8291736,0.03348071,-0.05572277,0.5551993
242,RightFinger5Tip,0.02324688,0.02842355,0.02184057,0.892082,0.05331471,-0.1098017,0.435078
243,RightFinger1Tip,-0.02602184,0.09285498,0.05761743,-0.331036,-0.5366442,0.1083656,0.7685614
243,RightFinger2Tip,-0.02018368,0.05356038,0.01667956,0.8595818,-0.1080314,0.08828951,0.4915837
243,RightFinger3Tip,-0.00235033,0.04603326,0.008716971,0.7478601,-0.03912839,0.04182418,0.6613822
243,RightFinger4Tip,0.01093185,0.02986729,0.01514217,0.829567,0.03361765,-0.0557953,0.5545958
243,RightFinger5Tip,0.02317917,0.02843714,0.02192524,0.8932217,0.05213511,-0.1091234,0.4330478
244,RightFinger1Tip,-0.02678883,0.09309602,0.05723688,-0.328348,-0.5358759,0.1100153,0.7700148
244,RightFinger2Tip,-0.02022886,0.05350435,0.01663768,0.859327,-0.1102212,0.08922992,0.4913734
244,RightFinger3Tip,-0.002341747,0.04607844,0.008848071,0.7500794,-0.03255901,0.03947687,0.6593664
244,RightFinger4Tip,0.01090121,0.03002095,0.01505077,0.829054,0.0305819,-0.05372514,0.5557418
244,RightFinger5Tip,0.02304757,0.02840936,0.02215922,0.8956634,0.05341957,-0.1106162,0.4274327
245,RightFinger1Tip,-0.02687681,0.0929755,0.05750379,-0.3285903,-0.5351529,0.1124586,0.7700611
245,RightFinger2Tip,-0.02025068,0.05342197,0.0168606,0.8607518,-0.1055922,0.0877242,0.4901656
245,RightFinger3Tip,-0.002341032,0.04611826,0.008823872,0.7495253,-0.03231058,0.03935908,0.6600152
245,RightFinger4Tip,0.01096666,0.03003573,0.01510602,0.8292969,0.03578314,-0.05697968,0.5547441
245,RightFinger5Tip,0.02305281,0.02835321,0.0221521,0.8959728,0.05387007,-0.1111761,0.4265817
246,RightFinger1Tip,-0.02644038,0.09280348,0.05787036,-0.3297914,-0.5348651,0.1123119,0.769769
246,RightFinger2Tip,-0.02025235,0.0533278,0.01723635,0.8628689,-0.103277,0.08716781,0.4870255
246,RightFinger3Tip,-0.002383947,0.0462898,0.008728713,0.7470288,-0.03811333,0.04122085,0.662418
246,RightFinger4Tip,0.01097524,0.0300523,0.01518065,0.8294685,0.03560339,-0.05682154,0.554515
246,RightFinger5Tip,0.02316093,0.02854276,0.02208072,0.8949233,0.05298811,-0.1097281,0.4292624
247,RightFinger1Tip,-0.02628958,0.09278655,0.05792996,-0.3293873,-0.5350124,0.1105197,0.7700993
247,RightFinger2Tip,-0.02023399,0.05315614,0.01733682,0.8621192,-0.1074675,0.08907362,0.4871025
247,RightFinger3Tip,-0.002338767,0.04643226,0.008808106,0.746738,-0.03452014,0.03984389,0.6630269
247,RightFinger4Tip,0.0109365,0.03007483,0.01523501,0.8294352,0.03179614,-0.05436974,0.555042
247,RightFinger5Tip,0.02312541,0.02842855,0.02220541,0.8961618,0.05199687,-0.1093574,0.4268875
248,RightFinger1Tip,-0.02650559,0.09280002,0.05790353,-0.3285407,-0.5347065,0.1104348,0.7706848
248,RightFinger2Tip,-0.02026832,0.05357122,0.01710531,0.860293,-0.106004,0.08719166,0.4909756
248,RightFinger3Tip,-0.002337933,0.04640603,0.008953243,0.7481415,-0.03071641,0.03853985,0.6617071
248,RightFinger4Tip,0.01092494,0.03019929,0.01544628,0.8299218,0.0350087,-0.0562151,0.5539356
248,RightFinger5Tip,0.02308321,0.02849376,0.02234879,0.8963426,0.05514993,-0.1115582,0.42554
249,RightFinger1Tip,-0.02667403,0.09261727,0.05824459,-0.3289275,-0.5335975,0.1137375,0.770808
249,RightFinger2Tip,-0.02030361,0.05355608,0.01715326,0.860471,-0.1032059,0.08607967,0.4914564
249,RightFinger3Tip,-0.002424717,0.04650545,0.00901264,0.7474062,-0.03651341,0.04041896,0.6621311
249,RightFinger4Tip,0.01093233,0.03017449,0.0154773,0.83,0.03633811,-0.05706047,0.5536464
249,RightFinger5Tip,0.02310193,0.02868342,0.02244753,0.8966209,0.05331068,-0.1095284,0.4257149
250,RightFinger1Tip,-0.02694917,0.09253395,0.05835009,-0.3284144,-0.5334945,0.114878,0.7709293
250,RightFinger2Tip,-0.02031434,0.05333185,0.01725167,0.8604786,-0.1052135,0.08734015,0.4907946
250,RightFinger3Tip,-0.002418756,0.04659069,0.009034812,0.7466168,-0.03586316,0.04011462,0.6630759
250,RightFinger4Tip,0.01091826,0.03028154,0.01545316,0.8293424,0.03316487,-0.05491476,0.5550464
250,RightFinger5Tip,0.02305365,0.02875459,0.02265963,0.8975108,0.05488078,-0.1105471,0.4233708
251,RightFinger1Tip,-0.02734542,0.09261966,0.05823126,-0.3267474,-0.5330129,0.1153568,0.7718984
251,RightFinger2Tip,-0.02032077,0.05360866,0.01721334,0.8598361,-0.1069775,0.08720034,0.4915632
251,RightFinger3Tip,-0.002374768,0.04654431,0.009108305,0.7471617,-0.03058115,0.03835135,0.6628301
251,RightFinger4Tip,0.01092005,0.03047156,0.01547486,0.8284392,0.03188214,-0.05385804,0.5565718
251,RightFinger5Tip,0.02295792,0.02858007,0.02282131,0.8988339,0.0549308,-0.1112471,0.420363
252,RightFinger1Tip,-0.02715254,0.09237766,0.05864933,-0.3280419,-0.53263,0.1168844,0.7713837
252,RightFinger2Tip,-0.02035415,0.05343544,0.01743764,0.8611782,-0.1023365,0.0858775,0.4904333
252,RightFinger3Tip,-0.002422929,0.04647875,0.009220421,0.7477536,-0.03251865,0.03904535,0.6620296
252,RightFinger4Tip,0.01093376,0.03033447,0.01565984,0.8299643,0.03734604,-0.05742336,0.5535953
252,RightFinger5Tip,0.02293837,0.02845502,0.02284771,0.899001,0.05719424,-0.1133469,0.4191411
253,RightFinger1Tip,-0.02725303,0.09221244,0.05886292,-0.3282198,-0.53302,0.1178858,0.7708862
253,RightFinger2Tip,-0.02036023,0.05325949,0.017506,0.860726,-0.1021753,0.08614287,0.4912148
253,RightFinger3Tip,-0.002461314,0.04647744,0.009289742,0.7477267,-0.03389518,0.03950173,0.6619646
253,RightFinger4Tip,0.01096272,0.03034699,0.01550522,0.828643,0.03577176,-0.05640399,0.5557801
253,RightFinger5Tip,0.02299976,0.02857137,0.02279595,0.8987475,0.05546797,-0.1116208,0.4203788
254,RightFinger1Tip,-0.0277983,0.09239471,0.05867729,-0.3255334,-0.5319191,0.1189246,0.7726244
254,RightFinger2Tip,-0.02039409,0.05339134,0.01767465,0.8612206,-0.105437,0.08698562,0.4895061
254,RightFinger3Tip,-0.002438068,0.04655504,0.009382904,0.7481871,-0.02627326,0.03682966,0.6619442
254,RightFinger4Tip,0.01093888,0.03061068,0.01562244,0.8289956,0.03461129,-0.05537872,0.5554298
254,RightFinger5Tip,0.02291179,0.02863896,0.02307048,0.9013298,0.05712259,-0.1131618,0.4141704
255,RightFinger1Tip,-0.0283978,0.09258664,0.05852193,-0.3228331,-0.5299933,0.122307,0.7745507
255,RightFinger2Tip,-0.02046907,0.05355346,0.01769823,0.8618441,-0.0968763,0.08324342,0.4908282
255,RightFinger3Tip,-0.002488613,0.04688549,0.009470463,0.7485204,-0.02464008,0.0360045,0.6616765
255,RightFinger4Tip,0.01088691,0.0308913,0.01621428,0.8333866,0.04081694,-0.05896221,0.5480202
255,RightFinger5Tip,0.02268898,0.02859867,0.02362412,0.9064488,0.05852243,-0.115377,0.4020148
256,RightFinger1Tip,-0.02937567,0.09245968,0.0590055,-0.3196318,-0.5266637,0.1323099,0.7765025
256,RightFinger2Tip,-0.02042413,0.0538379,0.01812106,0.8641707,-0.08889657,0.07955061,0.4888549
256,RightFinger3Tip,-0.00248754,0.04745519,0.009771049,0.7489617,-0.025536,0.03581337,0.6611528
256,RightFinger4Tip,0.01085019,0.03127837,0.0170503,0.8394282,0.04227012,-0.0594489,0.5385538
256,RightFinger5Tip,0.02232969,0.02873504,0.025103,0.9175979,0.05667173,-0.1153592,0.3761592
257,RightFinger1Tip,-0.03058732,0.09218812,0.05956942,-0.3154218,-0.5246155,0.1392651,0.7783927
257,RightFinger2Tip,-0.02038288,0.05375147,0.01865867,0.8648059,-0.08512842,0.07803251,0.4886476
257,RightFinger3Tip,-0.002431035,0.0478164,0.01020336,0.7500244,-0.01919224,0.03341634,0.6602877
257,RightFinger4Tip,0.01085389,0.03155065,0.01768726,0.8429114,0.04196884,-0.05887957,0.5331731
257,RightFinger5Tip,0.02220273,0.02876866,0.02595413,0.9229448,0.05912256,-0.1181081,0.3615654
258,RightFinger1Tip,-0.03168404,0.09189498,0.06026223,-0.311587,-0.5215603,0.148937,0.7801973
258,RightFinger2Tip,-0.02028751,0.05363905,0.01938218,0.8680391,-0.07444072,0.07417025,0.4852489
258,RightFinger3Tip,-0.002291679,0.04805064,0.01068833,0.7524939,-0.0111817,0.03060415,0.6577939
258,RightFinger4Tip,0.01089513,0.03167307,0.01853445,0.8483848,0.04665815,-0.06164943,0.5237051
258,RightFinger5Tip,0.02204585,0.02895522,0.02713159,0.9299558,0.06156736,-0.1209358,0.3417124
259,RightFinger1Tip,-0.03154635,0.09189808,0.06047967,-0.3110686,-0.5206273,0.1522359,0.7803905
259,RightFinger2Tip,-0.02017391,0.05368388,0.01960468,0.8695813,-0.06910212,0.07215733,0.4835782
259,RightFinger3Tip,-0.002226353,0.04807913,0.01070237,0.753424,-0.01178634,0.03076681,0.6567102
259,RightFinger4Tip,0.01098526,0.03171635,0.01873565,0.8505667,0.04930431,-0.06333518,0.5197071
259,RightFinger5Tip,0.02207792,0.02892697,0.02736589,0.932589,0.06123715,-0.1216089,0.334276
260,RightFinger1Tip,-0.03132892,0.09221077,0.0602273,-0.3095365,-0.5198523,0.1509319,0.7817681
260,RightFinger2Tip,-0.02010691,0.05378914,0.01979819,0.8706444,-0.07269487,0.07338077,0.4809473
260,RightFinger3Tip,-0.002225041,0.0486145,0.01070821,0.7528167,-0.01207729,0.03054623,0.657411
260,RightFinger4Tip,0.01110685,0.03229642,0.01851699,0.848834,0.0439762,-0.05922884,0.523488
260,RightFinger5Tip,0.02227116,0.02925253,0.02728936,0.9332934,0.05819895,-0.1182357,0.3340625
261,RightFinger1Tip,-0.03159475,0.0920521,0.06044999,-0.3089753,-0.519336,0.152557,0.7820178
261,RightFinger2Tip,-0.0201782,0.0535562,0.02013516,0.8724927,-0.06989937,0.07272567,0.4781034
261,RightFinger3Tip,-0.002267957,0.04867804,0.0108918,0.7545698,-0.008290395,0.02927414,0.6555148
261,RightFinger4Tip,0.01107705,0.03240669,0.0187645,0.8501177,0.04670373,-0.06076979,0.5209865
261,RightFinger5Tip,0.02224445,0.02947462,0.0274685,0.9340062,0.06135956,-0.120433,0.3307034
262,RightFinger1Tip,-0.03160381,0.09188831,0.06067839,-0.3093479,-0.5192959,0.1535479,0.7817028
262,RightFinger2Tip,-0.02023542,0.05385101,0.02035788,0.8743038,-0.06604367,0.07066997,0.4756445
262,RightFinger3Tip,-0.002378464,0.04867828,0.01098907,0.7554799,-0.01458972,0.03121232,0.6542659
262,RightFinger4Tip,0.01103425,0.03256404,0.0190573,0.851835,0.04740804,-0.06103298,0.5180787
262,RightFinger5Tip,0.02220023,0.02960527,0.0277245,0.9354579,0.06055235,-0.1197332,0.3269807
263,RightFinger1Tip,-0.03192008,0.0921979,0.06033057,-0.3063789,-0.5186011,0.1529354,0.7834519
263,RightFinger2Tip,-0.02018702,0.0539639,0.02073312,0.8779542,-0.06396911,0.06978508,0.4692925
263,RightFinger3Tip,-0.002341747,0.04886413,0.01144832,0.7611312,-0.01076464,0.02976671,0.6478261
263,RightFinger4Tip,0.01102674,0.0328033,0.01944509,0.8548178,0.04469101,-0.05915282,0.5136059
263,RightFinger5Tip,0.02206337,0.02972209,0.02849138,0.9402798,0.05799799,-0.1185572,0.313776
264,RightFinger1Tip,-0.0318557,0.09274518,0.05980906,-0.3031291,-0.5177312,0.1505589,0.7857481
264,RightFinger2Tip,-0.02009547,0.05399084,0.02174836,0.8867376,-0.05415766,0.06632552,0.4542744
264,RightFinger3Tip,-0.002282858,0.04872036,0.01240593,0.7738447,-0.004172466,0.02743874,0.6327678
264,RightFinger4Tip,0.01087332,0.03294718,0.02091563,0.8664773,0.04541843,-0.05991937,0.4935229
264,RightFinger5Tip,0.02156448,0.03027225,0.03060251,0.9515471,0.0590381,-0.1220379,0.2760083
265,RightFinger1Tip,-0.03193212,0.09260261,0.06015113,-0.3016208,-0.5173373,0.1491712,0.7868518
265,RightFinger2Tip,-0.0201509,0.05376792,0.02393889,0.9013451,-0.04677132,0.06407484,0.4257756
265,RightFinger3Tip,-0.002538681,0.04781413,0.01469979,0.7984447,-0.007526678,0.02838399,0.6013525
265,RightFinger4Tip,0.01022899,0.03275251,0.0243803,0.8903384,0.04309673,-0.05994683,0.4492747
265,RightFinger5Tip,0.02013052,0.03004289,0.03510293,0.9706172,0.04765905,-0.1221219,0.2017863
266,RightFinger1Tip,-0.03214324,0.09182525,0.06151,-0.2993115,-0.5166597,0.1486844,0.7882698
266,RightFinger2Tip,-0.02004409,0.05257165,0.0271363,0.9159967,-0.04194047,0.06406984,0.393811
266,RightFinger3Tip,-0.002667665,0.04608023,0.0180307,0.8261343,-0.003437088,0.02702694,0.5628152
266,RightFinger4Tip,0.009395123,0.03154612,0.02914786,0.9174684,0.03808787,-0.05976251,0.3914468
266,RightFinger5Tip,0.0186733,0.03020191,0.04055333,0.9845908,0.03767221,-0.1228655,0.1186057
267,RightFinger1Tip,-0.03173506,0.09055364,0.06390598,-0.2968321,-0.515598,0.1492319,0.7897983
267,RightFinger2Tip,-0.01961517,0.05146289,0.03143772,0.9330911,-0.03304181,0.06153595,0.3527951
267,RightFinger3Tip,-0.00259304,0.04340851,0.0230532,0.8622978,0.002590646,0.02465752,0.505796
267,RightFinger4Tip,0.008831501,0.03034508,0.03470019,0.942712,0.03559217,-0.06142958,0.3259687
267,RightFinger5Tip,0.01739907,0.0309397,0.04683354,0.9912218,0.0298819,-0.1265928,0.02372096
268,RightFinger1Tip,-0.03008842,0.08869123,0.067527,-0.293788,-0.5133073,0.146771,0.7928832
268,RightFinger2Tip,-0.01872265,0.04964864,0.03894323,0.9585434,-0.0214953,0.05806471,0.2781408
268,RightFinger3Tip,-0.002294421,0.0398165,0.03142509,0.9096155,0.002839412,0.02453228,0.4147183
268,RightFinger4Tip,0.008489132,0.02932882,0.04208291,0.9667726,0.03373988,-0.06370977,0.2452656
268,RightFinger5Tip,0.01680183,0.03163981,0.05383351,0.9890275,0.01953047,-0.1261674,-0.07433804
269,RightFinger1Tip,-0.02760744,0.08431029,0.07397133,-0.2924867,-0.5131658,0.1439891,0.7939653
269,RightFinger2Tip,-0.01701033,0.04787683,0.05026209,0.9838622,-0.01722758,0.05741961,0.1685899
269,RightFinger3Tip,-0.001505494,0.03539383,0.04440832,0.9590381,6.844318E-05,0.02659593,0.2820278
269,RightFinger4Tip,0.008642077,0.02784157,0.05291733,0.9890339,0.02384511,-0.05902501,0.1332684
269,RightFinger5Tip,0.0172286,0.03064609,0.06096721,0.9795173,0.01095114,-0.123773,-0.1584532
270,RightFinger1Tip,-0.02649081,0.07980156,0.07949352,-0.2887999,-0.51201,0.1427634,0.7962788
270,RightFinger2Tip,-0.01497972,0.04708529,0.06254417,0.9971873,-0.01820524,0.06063177,0.04013916
270,RightFinger3Tip,-0.0004829168,0.03253686,0.05923957,0.9914956,-0.001078284,0.02849284,0.126983
270,RightFinger4Tip,0.009565115,0.02710688,0.06379968,0.9986239,0.01009903,-0.04717648,0.0205795
270,RightFinger5Tip,0.01818526,0.0296402,0.06719044,0.966623,0.003325356,-0.1173012,-0.2277508
271,RightFinger1Tip,-0.02577782,0.0723927,0.08712688,-0.2834605,-0.5075945,0.149375,0.7998043
271,RightFinger2Tip,-0.01274288,0.0455761,0.07842198,0.991286,-0.009279975,0.05600277,-0.1188753
271,RightFinger3Tip,0.001429558,0.02937257,0.0791423,0.9966509,-0.001754866,0.03244286,-0.07505378
271,RightFinger4Tip,0.01065397,0.02525795,0.078105,0.9913786,0.001590075,-0.03937223,-0.1249697
271,RightFinger5Tip,0.01969802,0.02798033,0.07683188,0.9371064,-0.007593656,-0.1039744,-0.3331141
272,RightFinger1Tip,-0.02485073,0.06035304,0.09613827,-0.2838522,-0.5064662,0.1500681,0.8002505
272,RightFinger2Tip,-0.01136494,0.04131913,0.09496254,0.9611522,-0.003608761,0.05191213,-0.2710722
272,RightFinger3Tip,0.00379169,0.02536285,0.09872901,0.9639558,-0.006718142,0.04405044,-0.2623073
272,RightFinger4Tip,0.01160407,0.02105999,0.09297234,0.9638631,-0.004990114,-0.02919494,-0.2647479
272,RightFinger5Tip,0.02375019,0.02461302,0.08929297,0.8881786,-0.02202587,-0.06286673,-0.4546457
273,RightFinger1Tip,-0.02628243,0.04509199,0.1040252,-0.2802351,-0.5032495,0.1476202,0.8040004
273,RightFinger2Tip,-0.01178384,0.03564847,0.1116288,0.9055485,9.644468E-05,0.04386949,-0.4219686
273,RightFinger3Tip,0.006721497,0.01973975,0.1163231,0.9036514,-0.01644422,0.0652034,-0.4229574
273,RightFinger4Tip,0.01347935,0.01419091,0.1087364,0.9120013,-0.01528312,-0.004630737,-0.4098771
273,RightFinger5Tip,0.02895415,0.01896763,0.1036536,0.7995209,-0.03123307,-0.01340567,-0.5996762
274,RightFinger1Tip,-0.02564359,0.02919626,0.1098534,-0.2775888,-0.502089,0.1467196,0.8058078
274,RightFinger2Tip,-0.01029658,0.02346897,0.1221283,0.8662261,0.003553191,0.03619509,-0.4983287
274,RightFinger3Tip,0.01030087,0.007261395,0.125421,0.8623142,-0.0185346,0.07257389,-0.5008051
274,RightFinger4Tip,0.01567268,0.001365542,0.1166347,0.8746259,-0.01571306,0.0003109629,-0.4845456
274,RightFinger5Tip,0.03235805,0.006768346,0.1102779,0.7456136,-0.03061248,-0.001516347,-0.6656744
275,RightFinger1Tip,-0.02341533,0.009875655,0.1136189,-0.2794695,-0.5018899,0.14507,0.8055805
275,RightFinger2Tip,-0.007793665,0.003885746,0.1279136,0.8425639,0.003707225,0.03648919,-0.5373476
275,RightFinger3Tip,0.01550066,-0.01031005,0.130718,0.823117,-0.02212197,0.08432322,-0.5611418
275,RightFinger4Tip,0.01979709,-0.01580226,0.1214896,0.8342839,-0.01827132,0.01171993,-0.5509095
275,RightFinger5Tip,0.03672159,-0.01008201,0.1131732,0.7012684,-0.03005716,0.01292528,-0.7121475
276,RightFinger1Tip,-0.02337706,-0.01053905,0.1130965,-0.2833225,-0.5046361,0.1315664,0.8048369
276,RightFinger2Tip,-0.008794904,-0.02118886,0.125692,0.841187,-0.002974255,0.05185754,-0.5382445
276,RightFinger3Tip,0.0132587,-0.03555036,0.1266028,0.8208621,-0.02702731,0.09362742,-0.5627522
276,RightFinger4Tip,0.01880908,-0.04045725,0.1167057,0.8298914,-0.02558329,0.03310737,-0.556355
276,RightFinger5Tip,0.03473449,-0.03349698,0.1101184,0.6959609,-0.03030073,0.02157878,-0.7171165
277,RightFinger1Tip,-0.02384162,-0.01836646,0.1112867,-0.2932013,-0.5109792,0.1237602,0.7985091
277,RightFinger2Tip,-0.01215911,-0.03087378,0.1212046,0.8534259,-0.003566291,0.0567343,-0.5181056
277,RightFinger3Tip,0.01037395,-0.04558384,0.1216808,0.8303658,-0.03243196,0.1048749,-0.546299
277,RightFinger4Tip,0.01649594,-0.05078089,0.1111765,0.8404633,-0.03307398,0.05165944,-0.5383858
277,RightFinger5Tip,0.0297091,-0.04372501,0.1061602,0.7107546,-0.03135407,0.01691953,-0.7025372
278,RightFinger1Tip,-0.02220035,-0.01720464,0.1114932,-0.2965514,-0.5145822,0.1178768,0.7958443
278,RightFinger2Tip,-0.01236546,-0.03237617,0.1178329,0.8683619,-0.002782972,0.06157333,-0.4920868
278,RightFinger3Tip,0.006096363,-0.04744184,0.1159411,0.8622906,-0.02597662,0.09063214,-0.4975609
278,RightFinger4Tip,0.01226652,-0.05204368,0.1053975,0.8701863,-0.02948888,0.03549406,-0.4905582
278,RightFinger5Tip,0.02713573,-0.04432929,0.1042051,0.7251771,-0.03184691,0.002803062,-0.6878201
279,RightFinger1Tip,-0.02205431,-0.009100556,0.1118223,-0.3028293,-0.5199271,0.1056624,0.7917114
279,RightFinger2Tip,-0.01531076,-0.02664471,0.1133645,0.8945186,-0.00806314,0.07515357,-0.4405963
279,RightFinger3Tip,-0.002023935,-0.04269207,0.1088341,0.9057973,-0.02250869,0.0806887,-0.4153499
279,RightFinger4Tip,0.004734278,-0.04710865,0.1002694,0.906445,-0.02745089,0.02251099,-0.4208313
279,RightFinger5Tip,0.02111673,-0.03970551,0.1036963,0.7549039,-0.03279585,-0.008895837,-0.6549562
280,RightFinger1Tip,-0.02235675,-0.001961589,0.1116,-0.3085102,-0.5239565,0.09730599,0.787924
280,RightFinger2Tip,-0.01799107,-0.01874566,0.1128509,0.9033892,-0.01042133,0.07692274,-0.421739
280,RightFinger3Tip,-0.006036997,-0.03612638,0.1075909,0.9200671,-0.02535685,0.08246391,-0.3821447
280,RightFinger4Tip,0.001455784,-0.04099107,0.1012478,0.9152008,-0.02963892,0.02589516,-0.4010731
280,RightFinger5Tip,0.01816535,-0.03379428,0.1061778,0.7590265,-0.03215704,-0.009167892,-0.6502015
281,RightFinger1Tip,-0.02043521,0.001886725,0.1113782,-0.3143385,-0.5289576,0.08769829,0.7833933
281,RightFinger2Tip,-0.0186255,-0.01499915,0.1125155,0.9059954,-0.009040846,0.0776533,-0.416006
281,RightFinger3Tip,-0.007516623,-0.03289354,0.1065329,0.9268624,-0.02583243,0.08383206,-0.3650097
281,RightFinger4Tip,0.0003083944,-0.0375706,0.101637,0.9192147,-0.03055588,0.02710366,-0.391634
281,RightFinger5Tip,0.0181427,-0.02958989,0.1081196,0.7550118,-0.03103837,-0.00975845,-0.6549041
282,RightFinger1Tip,-0.01888585,0.002266765,0.1115248,-0.3143413,-0.5290883,0.08225532,0.7838944
282,RightFinger2Tip,-0.01933944,-0.01640546,0.1101645,0.9147076,-0.004964184,0.07423738,-0.3972096
282,RightFinger3Tip,-0.009246588,-0.03229225,0.104995,0.9347214,-0.01595545,0.06517415,-0.348992
282,RightFinger4Tip,0.0008546114,-0.03519654,0.1021907,0.9227192,-0.02496936,0.01430811,-0.3843994
282,RightFinger5Tip,0.02020371,-0.02420008,0.1104385,0.7485695,-0.0230615,-0.02791813,-0.6620677
283,RightFinger1Tip,-0.0128417,0.0001713037,0.1119516,-0.3232697,-0.5358047,0.08476038,0.7753882
283,RightFinger2Tip,-0.01357031,-0.01810539,0.10912,0.9210728,0.0007067748,0.06863685,-0.3832944
283,RightFinger3Tip,-0.003526926,-0.03129172,0.1037122,0.9429502,-0.006419894,0.04702625,-0.329536
283,RightFinger4Tip,0.009106874,-0.03220713,0.1037116,0.9198902,-0.02042413,0.005615356,-0.3916051
283,RightFinger5Tip,0.02915442,-0.0193392,0.1100255,0.7470393,-0.01986652,-0.03050963,-0.6637832
284,RightFinger1Tip,-0.005392671,4.291534E-06,0.1124198,-0.3234528,-0.5341341,0.07918773,0.7770518
284,RightFinger2Tip,-0.007234812,-0.01983249,0.1090125,0.9211783,0.00427557,0.06640717,-0.3834103
284,RightFinger3Tip,0.002569675,-0.03267932,0.1040859,0.9382842,0.0004037616,0.0386273,-0.3437027
284,RightFinger4Tip,0.01432276,-0.0321641,0.1017147,0.9231341,-0.01509141,-0.007313651,-0.3841136
284,RightFinger5Tip,0.03489947,-0.02209926,0.1055575,0.7651603,-0.02674634,-0.01825824,-0.6430258
285,RightFinger1Tip,-0.002393961,-0.002735019,0.1129862,-0.3208296,-0.5325091,0.09138519,0.7779152
285,RightFinger2Tip,-0.001508236,-0.02215922,0.1091793,0.9204448,0.005335291,0.06340963,-0.3856592
285,RightFinger3Tip,0.009296894,-0.03305638,0.1058899,0.9318544,0.002455435,0.03267509,-0.3613513
285,RightFinger4Tip,0.02137804,-0.0321492,0.1020524,0.9181082,-0.01392743,-0.008180236,-0.3960019
285,RightFinger5Tip,0.03999031,-0.022367,0.104213,0.7542077,-0.02667253,-0.02441484,-0.6556404
286,RightFinger1Tip,0.002677321,-0.004643679,0.1128852,-0.3220562,-0.5327532,0.09190616,0.7771799
286,RightFinger2Tip,0.00430572,-0.02279186,0.1092436,0.9206226,0.004102663,0.06291468,-0.3853314
286,RightFinger3Tip,0.0157994,-0.03366995,0.1041248,0.9352738,-0.001509645,0.03885759,-0.3517838
286,RightFinger4Tip,0.02713192,-0.03291881,0.0990469,0.9246882,-0.01626263,-0.00346368,-0.3803634
286,RightFinger5Tip,0.04515958,-0.02330863,0.1010691,0.7624495,-0.02782588,-0.02034344,-0.6461298
287,RightFinger1Tip,0.004663944,-0.004627466,0.1127978,-0.3205543,-0.5331841,0.08802713,0.7779536
287,RightFinger2Tip,0.006346226,-0.02293527,0.1090454,0.9210516,0.002100897,0.06540667,-0.383904
287,RightFinger3Tip,0.01745117,-0.03431535,0.1028799,0.9378554,-0.0036199,0.04243637,-0.3444043
287,RightFinger4Tip,0.02892232,-0.03348458,0.09748776,0.9290181,-0.01868406,0.001367628,-0.3695611
287,RightFinger5Tip,0.04695964,-0.02349508,0.1002475,0.7648753,-0.02683853,-0.02062515,-0.6432894
288,RightFinger1Tip,0.005020857,-0.004227877,0.1128458,-0.3197683,-0.533188,0.08840897,0.7782314
288,RightFinger2Tip,0.006231308,-0.02302909,0.1091679,0.9204761,0.004530909,0.06219738,-0.3857927
288,RightFinger3Tip,0.01695931,-0.03433728,0.1027118,0.9388007,-0.001186004,0.03813502,-0.3423425
288,RightFinger4Tip,0.02881134,-0.03357911,0.09718604,0.9301715,-0.01808367,5.537538E-05,-0.3666809
288,RightFinger5Tip,0.04722774,-0.02273595,0.1007406,0.7606275,-0.02514814,-0.02557449,-0.648198
289,RightFinger1Tip,0.005810142,-0.003860235,0.1128192,-0.3204029,-0.5331454,0.08929809,0.7778978
289,RightFinger2Tip,0.006409764,-0.02210355,0.1093937,0.921635,0.006322739,0.05755058,-0.383716
289,RightFinger3Tip,0.01713836,-0.03370702,0.1027524,0.9396651,0.0002748969,0.03506379,-0.3402955
289,RightFinger4Tip,0.02864182,-0.03283691,0.09756517,0.9295399,-0.01419914,-0.007444079,-0.3683743
289,RightFinger5Tip,0.04755938,-0.02185297,0.1010507,0.7564907,-0.0239906,-0.03062298,-0.6528476
290,RightFinger1Tip,0.006938934,-0.00334549,0.1127645,-0.3192556,-0.5334376,0.08640592,0.7784959
290,RightFinger2Tip,0.007948399,-0.02184689,0.109159,0.9221414,0.003814174,0.061569,-0.3819055
290,RightFinger3Tip,0.01798475,-0.03361738,0.1024806,0.9402217,0.0007376458,0.03426924,-0.3388366
290,RightFinger4Tip,0.02953219,-0.03301835,0.09700233,0.9302403,-0.0150209,-0.006122883,-0.3665947
290,RightFinger5Tip,0.04816902,-0.02207506,0.1005064,0.7564948,-0.0244908,-0.03156133,-0.6527801
291,RightFinger1Tip,0.008014679,-0.003489852,0.1127087,-0.3196931,-0.5336003,0.08830109,0.7779915
291,RightFinger2Tip,0.008984447,-0.02172089,0.10917,0.9222066,0.004704611,0.05974422,-0.3820272
291,RightFinger3Tip,0.01876247,-0.03335238,0.1020875,0.941766,0.001955214,0.03158748,-0.3347785
291,RightFinger4Tip,0.0305779,-0.03295624,0.09628905,0.9320691,-0.01529922,-0.00556446,-0.3619164
291,RightFinger5Tip,0.04875612,-0.02191091,0.1001735,0.7547889,-0.02397539,-0.03618933,-0.6545308
292,RightFinger1Tip,0.01296926,-0.004471302,0.1121419,-0.3210194,-0.5342787,0.08845645,0.7769618
292,RightFinger2Tip,0.01384544,-0.02217162,0.1086525,0.9221742,0.004478357,0.05957121,-0.3821356
292,RightFinger3Tip,0.02368176,-0.03396332,0.1004554,0.9429485,-0.0007442613,0.03626278,-0.3309602
292,RightFinger4Tip,0.03475595,-0.03326368,0.09431063,0.9340582,-0.01511959,-0.005831484,-0.3567555
292,RightFinger5Tip,0.05335999,-0.02278256,0.09730257,0.7597011,-0.02455727,-0.03193628,-0.6490245
293,RightFinger1Tip,0.01687813,-0.004314184,0.111663,-0.3197242,-0.5345553,0.08717696,0.7774502
293,RightFinger2Tip,0.01819515,-0.02221739,0.1079606,0.9219798,0.002489722,0.0627543,-0.3821127
293,RightFinger3Tip,0.02696586,-0.03386414,0.09967966,0.9432586,0.001100203,0.03260995,-0.3304547
293,RightFinger4Tip,0.03850198,-0.03356326,0.09260096,0.9349473,-0.01734228,-0.001587602,-0.3543611
293,RightFinger5Tip,0.05671299,-0.02243125,0.09565328,0.7572324,-0.02355082,-0.03583872,-0.6517372
294,RightFinger1Tip,0.01994812,-0.004099369,0.1111234,-0.3206545,-0.5346914,0.08736856,0.7769516
294,RightFinger2Tip,0.02067888,-0.0213573,0.1078138,0.922818,0.004350998,0.05806886,-0.3808118
294,RightFinger3Tip,0.02977264,-0.03335714,0.09887828,0.9439445,0.000168809,0.03397378,-0.3283536
294,RightFinger4Tip,0.04068685,-0.0330658,0.09191893,0.9343555,-0.01554266,-0.005009477,-0.3559699
294,RightFinger5Tip,0.05906641,-0.02199173,0.09429209,0.7565089,-0.02345674,-0.03735112,-0.6524953
295,RightFinger1Tip,0.02108395,-0.004276991,0.1108633,-0.3207125,-0.5347461,0.08547197,0.7771011
295,RightFinger2Tip,0.02148211,-0.02186239,0.1076307,0.9221471,0.005155727,0.05750383,-0.3825089
295,RightFinger3Tip,0.03072429,-0.03352952,0.0984735,0.9441246,-0.00037196,0.03482263,-0.3277469
295,RightFinger4Tip,0.04164016,-0.03330803,0.09121574,0.9352745,-0.01675804,-0.002720053,-0.3535179
295,RightFinger5Tip,0.05975449,-0.0222857,0.09366937,0.757199,-0.02360901,-0.03738457,-0.651687
296,RightFinger1Tip,0.02147055,-0.004136324,0.110876,-0.3181105,-0.5337,0.08228615,0.7792302
296,RightFinger2Tip,0.02193773,-0.02277601,0.1073045,0.9214809,0.004449204,0.05987006,-0.3837579
296,RightFinger3Tip,0.03073025,-0.03376031,0.09847251,0.9443284,0.001322006,0.03145715,-0.3274961
296,RightFinger4Tip,0.04196525,-0.03398311,0.09056568,0.9362307,-0.01816622,-0.0001670928,-0.3509178
296,RightFinger5Tip,0.06006801,-0.02284396,0.09333405,0.7575935,-0.02367853,-0.03668663,-0.6512654
297,RightFinger1Tip,0.02190876,-0.005127788,0.1106634,-0.320407,-0.5345899,0.08441824,0.7774495
297,RightFinger2Tip,0.02205491,-0.02216101,0.1074915,0.9233405,0.005442298,0.05501717,-0.3799836
297,RightFinger3Tip,0.03132463,-0.03415382,0.09810591,0.9443929,-7.252827E-05,0.03389029,-0.3270706
297,RightFinger4Tip,0.04205382,-0.03402007,0.09076148,0.9352334,-0.01579779,-0.004486536,-0.3536525
297,RightFinger5Tip,0.06069052,-0.02265358,0.09323674,0.7567491,-0.02282689,-0.03731778,-0.6522414
298,RightFinger1Tip,0.02231085,-0.005159378,0.1105963,-0.3195473,-0.5343578,0.08271904,0.7781457
298,RightFinger2Tip,0.02268541,-0.02305138,0.1071606,0.921831,0.004149643,0.05919166,-0.3830255
298,RightFinger3Tip,0.03148937,-0.03448641,0.09803998,0.9439939,0.0005252616,0.03297711,-0.3283135
298,RightFinger4Tip,0.04251516,-0.0344919,0.09020302,0.9359993,-0.01774496,-0.0008788245,-0.3515556
298,RightFinger5Tip,0.06064403,-0.02338862,0.09294307,0.7562217,-0.02353427,-0.03760639,-0.6528109
299,RightFinger1Tip,0.02235031,-0.005281925,0.1105795,-0.3195585,-0.5344712,0.08273767,0.7780609
299,RightFinger2Tip,0.02269757,-0.0230993,0.1071278,0.9220862,0.004019857,0.05918717,-0.3824124
299,RightFinger3Tip,0.03129065,-0.03464699,0.09795137,0.9442949,0.001058279,0.03206538,-0.3275354
299,RightFinger4Tip,0.04266143,-0.0346483,0.09014948,0.9359419,-0.01846246,0.000533478,-0.351672
299,RightFinger5Tip,0.06079531,-0.02342415,0.09296958,0.7555375,-0.02329318,-0.03744603,-0.6536204
300,RightFinger1Tip,0.022241,-0.00552237,0.1105705,-0.3203341,-0.5346529,0.08390907,0.7774909
300,RightFinger2Tip,0.02209699,-0.02285528,0.1073813,0.9228123,0.006200615,0.05452633,-0.3813227
300,RightFinger3Tip,0.03138208,-0.03472531,0.09772636,0.9447418,-0.0006321294,0.03495549,-0.3259469
300,RightFinger4Tip,0.04247129,-0.03458214,0.09027128,0.9359727,-0.01786679,-0.0005114155,-0.3516198
300,RightFinger5Tip,0.0609231,-0.02356231,0.09293668,0.7560261,-0.02347368,-0.03545984,-0.6531591
301,RightFinger1Tip,0.02195966,-0.004882813,0.1107048,-0.3186633,-0.5345243,0.08231315,0.7784368
301,RightFinger2Tip,0.02259529,-0.02252436,0.1073271,0.9222831,0.003054196,0.05971319,-0.3818648
301,RightFinger3Tip,0.03108549,-0.03438604,0.09799837,0.9447618,0.0002885648,0.03314508,-0.3260801
301,RightFinger4Tip,0.04255021,-0.03447974,0.09024154,0.9363043,-0.01922578,0.002048216,-0.3506601
301,RightFinger5Tip,0.06081545,-0.02353096,0.09306286,0.7555446,-0.02380703,-0.03461323,-0.6537499
302,RightFinger1Tip,0.02190161,-0.004890561,0.1106813,-0.3199507,-0.5338951,0.08323524,0.778242
302,RightFinger2Tip,0.0218991,-0.02239645,0.1075886,0.9220418,0.00482584,0.05710791,-0.3828258
302,RightFinger3Tip,0.03101194,-0.03397107,0.09813963,0.9450085,-0.0009931192,0.03501088,-0.3251673
302,RightFinger4Tip,0.04227054,-0.03397417,0.09086134,0.9353933,-0.01802016,2.315707E-05,-0.3531515
302,RightFinger5Tip,0.06071818,-0.02283478,0.09363194,0.7531344,-0.02318997,-0.03566684,-0.6564907
303,RightFinger1Tip,0.02136147,-0.004703403,0.1107838,-0.3200472,-0.5342364,0.08364537,0.7779243
303,RightFinger2Tip,0.02173078,-0.02251291,0.1074124,0.9217318,0.003066474,0.06118213,-0.3829613
303,RightFinger3Tip,0.03081453,-0.0339191,0.09829846,0.9445237,-0.00229812,0.03747141,-0.3262923
303,RightFinger4Tip,0.04205632,-0.03404605,0.09105983,0.9348771,-0.01943377,0.00263526,-0.354431
303,RightFinger5Tip,0.06058395,-0.02298295,0.09368861,0.7544566,-0.02382578,-0.03210026,-0.6551323
304,RightFinger1Tip,0.02050972,-0.004319787,0.1108948,-0.3214203,-0.5347659,0.08454148,0.7768975
304,RightFinger2Tip,0.02109861,-0.0217886,0.1078385,0.9208141,0.002313515,0.06262556,-0.3849369
304,RightFinger3Tip,0.03083003,-0.03359985,0.09901688,0.941898,-0.005282472,0.04341483,-0.333043
304,RightFinger4Tip,0.0411309,-0.03413558,0.0912925,0.9346824,-0.0208371,0.004946065,-0.3548416
304,RightFinger5Tip,0.05968821,-0.02281785,0.0940595,0.7564855,-0.02445506,-0.0305408,-0.6528411
305,RightFinger1Tip,0.01887619,-0.003275752,0.1109659,-0.3258546,-0.5360465,0.08534251,0.7740742
305,RightFinger2Tip,0.01924765,-0.02032793,0.108241,0.9203885,0.0006845231,0.06707319,-0.3852105
305,RightFinger3Tip,0.02959669,-0.03226018,0.09933643,0.9426075,-0.01051619,0.05298881,-0.3295055
305,RightFinger4Tip,0.04075348,-0.03332984,0.09313278,0.92906,-0.0268865,0.01741663,-0.3685409
305,RightFinger5Tip,0.05967247,-0.02198458,0.09569849,0.7453412,-0.02840233,-0.01372943,-0.6659372
306,RightFinger1Tip,0.01730275,0.005812764,0.1111355,-0.3248066,-0.536992,0.08588747,0.7737994
306,RightFinger2Tip,0.01917791,-0.01260793,0.109144,0.918613,-0.001874465,0.07529,-0.3879169
306,RightFinger3Tip,0.02901578,-0.0244329,0.09963658,0.9486082,-0.01478264,0.05951979,-0.3104559
306,RightFinger4Tip,0.04050851,-0.02686489,0.09467331,0.9296517,-0.03144829,0.02653417,-0.3661371
306,RightFinger5Tip,0.05872607,-0.01656878,0.09689492,0.73938,-0.03350655,-0.001222039,-0.6724543
307,RightFinger1Tip,0.01420224,0.01879716,0.1105672,-0.3227235,-0.5333236,0.09997842,0.7755138
307,RightFinger2Tip,0.01873553,0.0007814169,0.1094222,0.9213498,-0.003494053,0.07652961,-0.3811137
307,RightFinger3Tip,0.02856445,-0.01049078,0.09943049,0.9586389,-0.01653052,0.05721728,-0.2783267
307,RightFinger4Tip,0.04085374,-0.01186121,0.09701185,0.9337204,-0.02783837,0.01845926,-0.3564444
307,RightFinger5Tip,0.06121373,0.0004776716,0.09923677,0.7219464,-0.03298185,0.008808876,-0.6911077
308,RightFinger1Tip,0.008351445,0.03564811,0.107415,-0.3179715,-0.5296996,0.1092224,0.7787071
308,RightFinger2Tip,0.01645029,0.01821697,0.106962,0.9271848,-0.01103153,0.08426854,-0.3648385
308,RightFinger3Tip,0.02623832,0.005408764,0.09591068,0.97078,-0.02454278,0.06415586,-0.2299327
308,RightFinger4Tip,0.03911126,0.005526066,0.09636994,0.9421223,-0.02901301,0.01915414,-0.333464
308,RightFinger5Tip,0.05934513,0.02093124,0.09865527,0.7222139,-0.03265096,0.01289044,-0.6907798
309,RightFinger1Tip,-0.003690004,0.05481744,0.09999707,-0.3103858,-0.5239854,0.1199272,0.7840399
309,RightFinger2Tip,0.008077145,0.03769433,0.1012834,0.9333087,-0.01709955,0.08919027,-0.3474029
309,RightFinger3Tip,0.01840425,0.02332985,0.08958539,0.9828349,-0.03103893,0.06582437,-0.169531
309,RightFinger4Tip,0.0313952,0.02402282,0.09342685,0.9521251,-0.02890367,0.01694374,-0.3038692
309,RightFinger5Tip,0.049546,0.04376566,0.09601086,0.7250213,-0.03155798,0.002772461,-0.6879984
310,RightFinger1Tip,-0.01410782,0.06972635,0.08941939,-0.3071552,-0.5218732,0.122121,0.786379
310,RightFinger2Tip,-0.00280416,0.04944992,0.08845869,0.9619467,-0.02102284,0.08335392,-0.2593646
310,RightFinger3Tip,0.009178281,0.0340693,0.07461229,0.9967937,-0.0369938,0.0625673,-0.03347664
310,RightFinger4Tip,0.02151108,0.03463256,0.08326843,0.9770755,-0.02260086,0.001700016,-0.2116866
310,RightFinger5Tip,0.0371443,0.05506039,0.08843836,0.7808281,-0.03194406,-0.01527881,-0.6237428
311,RightFinger1Tip,-0.02667284,0.08018017,0.07771602,-0.2989607,-0.5180953,0.1296678,0.7908146
311,RightFinger2Tip,-0.01431942,0.05433297,0.06814149,0.9933367,-0.03559379,0.07749731,-0.07752707
311,RightFinger3Tip,3.039837E-05,0.04181421,0.05382264,0.9832493,-0.04558458,0.05445721,0.1678642
311,RightFinger4Tip,0.01278508,0.03771651,0.06455559,0.9997391,-0.019185,-0.007985781,-0.009567156
311,RightFinger5Tip,0.02411091,0.05311131,0.07670158,0.8921987,-0.02483009,-0.0453779,-0.4486727
312,RightFinger1Tip,-0.03495669,0.08667326,0.06740394,-0.2930308,-0.5165049,0.1389559,0.7924948
312,RightFinger2Tip,-0.02119267,0.05344331,0.04512519,0.9821557,-0.03766509,0.06433571,0.1726666
312,RightFinger3Tip,-0.004946113,0.04702532,0.03081241,0.9088822,-0.03870269,0.0395384,0.413368
312,RightFinger4Tip,0.008998513,0.03830552,0.04159281,0.9677448,0.001351011,-0.02845845,0.2503185
312,RightFinger5Tip,0.01741195,0.04126775,0.05789778,0.9829708,0.003733624,-0.09413052,-0.1577816
313,RightFinger1Tip,-0.04182148,0.09152913,0.05666986,-0.2884168,-0.5127082,0.1461856,0.7953471
313,RightFinger2Tip,-0.02545559,0.05296326,0.02410206,0.9090761,-0.04886441,0.06339667,0.4088707
313,RightFinger3Tip,-0.008303881,0.05251658,0.01123568,0.7736857,-0.02388767,0.03061297,0.6323797
313,RightFinger4Tip,0.007608771,0.03970873,0.02059183,0.8728235,0.02291996,-0.0413297,0.4857436
313,RightFinger5Tip,0.01823199,0.03577423,0.03407276,0.975827,0.04136823,-0.1119059,0.1831092
314,RightFinger1Tip,-0.04682434,0.09197795,0.05161744,-0.2902971,-0.5113385,0.1506203,0.7947174
314,RightFinger2Tip,-0.02839255,0.05280387,0.01599711,0.867363,-0.07435041,0.07033272,0.4870399
314,RightFinger3Tip,-0.01069057,0.05260432,0.00564751,0.7303371,-0.02290375,0.03104757,0.6819975
314,RightFinger4Tip,0.006024122,0.03960705,0.01414558,0.832689,0.0277422,-0.0444608,0.5512565
314,RightFinger5Tip,0.01847839,0.03745079,0.02296072,0.9281603,0.05778119,-0.107984,0.3514554
315,RightFinger1Tip,-0.0458684,0.0913949,0.05082785,-0.3040087,-0.5199537,0.1315712,0.7873479
315,RightFinger2Tip,-0.02970362,0.05252457,0.01391204,0.8572527,-0.09061691,0.0749822,0.5012829
315,RightFinger3Tip,-0.011482,0.0507226,0.005219117,0.7296782,-0.03714173,0.03612135,0.6818255
315,RightFinger4Tip,0.005171776,0.03743446,0.01388673,0.8310289,0.02860485,-0.04716677,0.5534875
315,RightFinger5Tip,0.0179249,0.0367384,0.02072807,0.9077565,0.05621361,-0.1056416,0.4020682
316,RightFinger1Tip,-0.04698718,0.09048843,0.05073859,-0.3075112,-0.5221883,0.1254028,0.7855142
316,RightFinger2Tip,-0.03045714,0.0513351,0.01392911,0.8572514,-0.09992308,0.07997716,0.4987392
316,RightFinger3Tip,-0.01188946,0.04862881,0.006021723,0.7404738,-0.03274395,0.03650169,0.6702953
316,RightFinger4Tip,0.004624367,0.03529072,0.01405291,0.8327614,0.02739211,-0.04868858,0.5508077
316,RightFinger5Tip,0.01728272,0.03581762,0.02053665,0.9010962,0.06085905,-0.1108806,0.4147644
317,RightFinger1Tip,-0.04773045,0.09012616,0.05016188,-0.3128299,-0.5239929,0.1261284,0.782088
317,RightFinger2Tip,-0.03086734,0.05093551,0.01331572,0.8595847,-0.1001707,0.08119203,0.4944577
317,RightFinger3Tip,-0.01200867,0.04715788,0.006037131,0.7480345,-0.03743884,0.03921081,0.6614427
317,RightFinger4Tip,0.004345894,0.03438771,0.01400547,0.8336338,0.03468457,-0.05412203,0.5485649
317,RightFinger5Tip,0.01682794,0.03528082,0.02039151,0.89777,0.06296171,-0.1138761,0.4208065
318,RightFinger1Tip,-0.04726386,0.09006011,0.05060512,-0.3142907,-0.5243266,0.1259635,0.7813051
318,RightFinger2Tip,-0.03057563,0.05064809,0.01359278,0.8600678,-0.1046875,0.08387478,0.4922293
318,RightFinger3Tip,-0.01170993,0.04658782,0.006436706,0.7519111,-0.03652547,0.03946202,0.6570689
318,RightFinger4Tip,0.004532814,0.03374875,0.01391476,0.8328436,0.03123043,-0.05265909,0.5501129
318,RightFinger5Tip,0.01700485,0.034747,0.02037558,0.8963175,0.06168203,-0.1138112,0.424097
319,RightFinger1Tip,-0.04626226,0.09018278,0.05129373,-0.3160781,-0.5246168,0.1288373,0.7799196
319,RightFinger2Tip,-0.03003883,0.05064142,0.01400438,0.8615941,-0.1058216,0.08513577,0.4890914
319,RightFinger3Tip,-0.0112009,0.04617119,0.006585419,0.7547259,-0.03329979,0.03885106,0.6540428
319,RightFinger4Tip,0.004887223,0.03321636,0.01412794,0.8361498,0.03397856,-0.0550274,0.5446762
319,RightFinger5Tip,0.01730061,0.03455639,0.02053213,0.8984438,0.0655552,-0.1172819,0.4180287
320,RightFinger1Tip,-0.04630828,0.09015679,0.05146512,-0.3164579,-0.5242301,0.1332761,0.7792795
320,RightFinger2Tip,-0.02984619,0.05036366,0.01423374,0.863903,-0.1018276,0.08482675,0.4859096
320,RightFinger3Tip,-0.01105869,0.04580057,0.006439477,0.7548102,-0.03714648,0.04054552,0.6536352
320,RightFinger4Tip,0.004963875,0.033023,0.01433066,0.8389894,0.03658218,-0.05700859,0.5399165
320,RightFinger5Tip,0.01742709,0.03415251,0.02035961,0.8990703,0.06307297,-0.1168598,0.4171807
321,RightFinger1Tip,-0.04643261,0.09049022,0.05107702,-0.3148605,-0.5231609,0.1350813,0.7803333
321,RightFinger2Tip,-0.02959609,0.05002916,0.01429112,0.8641205,-0.1042685,0.08699529,0.48462
321,RightFinger3Tip,-0.01085997,0.04566443,0.006453827,0.7569454,-0.03222831,0.03901296,0.6515166
321,RightFinger4Tip,0.005068421,0.03290212,0.01416548,0.8392161,0.03418208,-0.05569286,0.5398586
321,RightFinger5Tip,0.01743972,0.03393459,0.02048989,0.9012451,0.06437961,-0.1190275,0.4116386
322,RightFinger1Tip,-0.04647052,0.09055662,0.05093877,-0.3164137,-0.5229682,0.1395733,0.7790419
322,RightFinger2Tip,-0.02957535,0.05044103,0.01378478,0.8637986,-0.101155,0.08506338,0.4861936
322,RightFinger3Tip,-0.0107497,0.04556561,0.006146178,0.756876,-0.03307094,0.03945165,0.6515287
322,RightFinger4Tip,0.005066395,0.03301823,0.0143414,0.841412,0.03868028,-0.05855329,0.5358191
322,RightFinger5Tip,0.01745701,0.03407156,0.02037396,0.9013553,0.06500084,-0.119324,0.4112131
323,RightFinger1Tip,-0.04618788,0.09117508,0.05011256,-0.3160301,-0.522647,0.138383,0.7796255
323,RightFinger2Tip,-0.02934039,0.05019987,0.01369388,0.8652213,-0.104608,0.08769544,0.4824516
323,RightFinger3Tip,-0.01060545,0.04562211,0.005920365,0.7583119,-0.03229947,0.03919075,0.6499112
323,RightFinger4Tip,0.005128264,0.03287137,0.01419176,0.8425537,0.03636704,-0.05739446,0.5343105
323,RightFinger5Tip,0.01749504,0.03411973,0.0202999,0.9024232,0.06496805,-0.1195465,0.4088045
324,RightFinger1Tip,-0.0462302,0.09152937,0.04948093,-0.3159524,-0.5224444,0.1390063,0.7796825
324,RightFinger2Tip,-0.02928901,0.05041885,0.01333831,0.8660283,-0.1002413,0.08586553,0.48226
324,RightFinger3Tip,-0.01047087,0.04558635,0.005728588,0.7594858,-0.03046302,0.03862436,0.648662
324,RightFinger4Tip,0.005143404,0.03292918,0.01421218,0.8436744,0.03859649,-0.05885936,0.5322224
324,RightFinger5Tip,0.0173887,0.03407955,0.02050655,0.9045126,0.0658138,-0.1208849,0.4036258
325,RightFinger1Tip,-0.04649591,0.09147716,0.04925594,-0.3169848,-0.5225218,0.1398413,0.7790616
325,RightFinger2Tip,-0.02934313,0.05023277,0.01313293,0.8658146,-0.103387,0.08761097,0.4816655
325,RightFinger3Tip,-0.0105437,0.04551661,0.005638212,0.7597063,-0.03320774,0.03965196,0.6482068
325,RightFinger4Tip,0.005012274,0.03286648,0.01420584,0.8437635,0.03584533,-0.05718771,0.5324554
325,RightFinger5Tip,0.01725805,0.03423166,0.02054122,0.9039297,0.06462036,-0.1194159,0.4055569
326,RightFinger1Tip,-0.04705453,0.09125161,0.04933523,-0.3168375,-0.5217105,0.1422116,0.7792364
326,RightFinger2Tip,-0.0295049,0.05051661,0.01296358,0.8655674,-0.1027207,0.08644612,0.482462
326,RightFinger3Tip,-0.01057255,0.04553211,0.005789205,0.760595,-0.02900039,0.03813088,0.6474575
326,RightFinger4Tip,0.004947662,0.03285563,0.01434509,0.8441096,0.03975517,-0.05970288,0.5313522
326,RightFinger5Tip,0.01707315,0.03409624,0.02083118,0.9047107,0.0671784,-0.1219284,0.4026417
327,RightFinger1Tip,-0.04685378,0.09118223,0.04953118,-0.3184208,-0.5213323,0.1427621,0.7787432
327,RightFinger2Tip,-0.0295049,0.0503087,0.01297529,0.8658973,-0.1004926,0.08612394,0.4823969
327,RightFinger3Tip,-0.01064968,0.04559577,0.005751505,0.7599005,-0.03487894,0.04014107,0.6478613
327,RightFinger4Tip,0.004875302,0.03290486,0.01439746,0.8440363,0.03681737,-0.05772069,0.5318993
327,RightFinger5Tip,0.01695907,0.03393412,0.02106448,0.9062868,0.06410027,-0.1202307,0.400101
328,RightFinger1Tip,-0.04744399,0.09102225,0.04949623,-0.3178709,-0.5213041,0.1455925,0.778463
328,RightFinger2Tip,-0.02953184,0.05044186,0.01294237,0.8666335,-0.09817732,0.08501342,0.4817486
328,RightFinger3Tip,-0.01060295,0.04569209,0.005799234,0.7608734,-0.03029475,0.03844899,0.6470525
328,RightFinger4Tip,0.004885554,0.03298914,0.01442754,0.8438559,0.04018244,-0.0597716,0.5317158
328,RightFinger5Tip,0.01692092,0.03390956,0.02111715,0.9062868,0.06593128,-0.1217597,0.3993415
329,RightFinger1Tip,-0.04758608,0.09085345,0.04983926,-0.3180463,-0.5201532,0.148164,0.7786759
329,RightFinger2Tip,-0.02948558,0.05023777,0.01326555,0.867969,-0.09829246,0.08569687,0.4791925
329,RightFinger3Tip,-0.01061499,0.04568303,0.005837649,0.7601045,-0.03387012,0.03970595,0.6477028
329,RightFinger4Tip,0.004864335,0.03295243,0.01453215,0.8440039,0.03803732,-0.05839395,0.5317913
329,RightFinger5Tip,0.01687062,0.03386688,0.02134031,0.907043,0.06573148,-0.1216952,0.3976733
330,RightFinger1Tip,-0.04806101,0.0906142,0.05001831,-0.3169701,-0.520054,0.1492723,0.7789685
330,RightFinger2Tip,-0.02946925,0.05005383,0.01337561,0.867287,-0.1018409,0.08736543,0.479384
330,RightFinger3Tip,-0.01059484,0.04577851,0.006016523,0.7604613,-0.02930644,0.03800591,0.6476074
330,RightFinger4Tip,0.004871011,0.0328716,0.01460895,0.8438096,0.03909178,-0.05910282,0.531944
330,RightFinger5Tip,0.01685059,0.03387845,0.02146822,0.9067495,0.0671924,-0.1225043,0.3978487
331,RightFinger1Tip,-0.04793406,0.09015346,0.05070463,-0.3190572,-0.5206078,0.1497064,0.7776625
331,RightFinger2Tip,-0.02962852,0.05017412,0.01347822,0.8672795,-0.09795622,0.08523581,0.4805897
331,RightFinger3Tip,-0.01070225,0.04563069,0.00600791,0.7588105,-0.03473057,0.04000768,0.6491539
331,RightFinger4Tip,0.004753232,0.03292775,0.0148561,0.8442128,0.03852512,-0.05859928,0.5314016
331,RightFinger5Tip,0.01676965,0.03372145,0.02161896,0.9067799,0.06484265,-0.1209206,0.3986538
332,RightFinger1Tip,-0.04897094,0.08950353,0.05118516,-0.3189349,-0.5196747,0.1542542,0.7774474
332,RightFinger2Tip,-0.02977479,0.04956067,0.01377127,0.8680292,-0.09734301,0.08617781,0.4791898
332,RightFinger3Tip,-0.01081681,0.04559064,0.006280154,0.7599291,-0.02773847,0.03753555,0.6483279
332,RightFinger4Tip,0.004658699,0.03273451,0.01488876,0.8436169,0.04057765,-0.06010049,0.532026
332,RightFinger5Tip,0.01664853,0.03353429,0.02163926,0.905723,0.0666593,-0.122712,0.4002048
333,RightFinger1Tip,-0.05065155,0.08831656,0.05217648,-0.3207615,-0.5164868,0.1683919,0.7758859
333,RightFinger2Tip,-0.03001642,0.04918921,0.01358983,0.8667324,-0.09370237,0.0850816,0.4824489
333,RightFinger3Tip,-0.01102889,0.0453335,0.006026208,0.7563728,-0.03298419,0.03957802,0.6521094
333,RightFinger4Tip,0.004500508,0.03261173,0.01490626,0.8432947,0.04275633,-0.06166291,0.5321886
333,RightFinger5Tip,0.01647997,0.03365147,0.02160734,0.904641,0.06715184,-0.1226535,0.402582
334,RightFinger1Tip,-0.05391252,0.08652711,0.05319348,-0.3203003,-0.5093301,0.1920244,0.7753183
334,RightFinger2Tip,-0.03037202,0.04849315,0.01364449,0.8674675,-0.08612537,0.0831294,0.4828802
334,RightFinger3Tip,-0.01121545,0.04505706,0.006038904,0.7571596,-0.02183932,0.03581817,0.6518824
334,RightFinger4Tip,0.004319072,0.03254676,0.01473314,0.8417528,0.04638261,-0.06408297,0.5340366
334,RightFinger5Tip,0.01606691,0.03363609,0.02188548,0.906001,0.0710723,-0.1265058,0.3976283
335,RightFinger1Tip,-0.05502117,0.0853231,0.05397506,-0.3238358,-0.5075606,0.2006236,0.7728284
335,RightFinger2Tip,-0.03073227,0.04755569,0.01403226,0.8712971,-0.08095606,0.08286261,0.4768879
335,RightFinger3Tip,-0.01163387,0.04469919,0.005824611,0.7560438,-0.02842385,0.03838407,0.6527764
335,RightFinger4Tip,0.004088521,0.03244901,0.0145364,0.8407187,0.04820961,-0.06545681,0.5353354
335,RightFinger5Tip,0.01583672,0.03381097,0.02161859,0.904236,0.06932518,-0.124751,0.4024791
336,RightFinger1Tip,-0.05554187,0.08502245,0.05359496,-0.3252784,-0.5108076,0.1954904,0.7713979
336,RightFinger2Tip,-0.0310967,0.04663825,0.01420321,0.8738077,-0.07777131,0.08322778,0.4727435
336,RightFinger3Tip,-0.01183939,0.04434419,0.005608246,0.756047,-0.0158884,0.03410945,0.6534359
336,RightFinger4Tip,0.003791809,0.03240395,0.01425172,0.8397096,0.04587451,-0.06409739,0.5372859
336,RightFinger5Tip,0.01542985,0.03390861,0.02162023,0.9047754,0.07094812,-0.1265921,0.4004043
337,RightFinger1Tip,-0.05482137,0.08470786,0.05386481,-0.3313218,-0.5149712,0.1894987,0.7675425
337,RightFinger2Tip,-0.03148139,0.0465486,0.01359096,0.8713636,-0.07152142,0.08009585,0.4787437
337,RightFinger3Tip,-0.0121994,0.04399765,0.005379885,0.7560796,-0.02307925,0.03691849,0.6530306
337,RightFinger4Tip,0.003560185,0.03228652,0.01418433,0.8403007,0.04826697,-0.06597289,0.5359235
337,RightFinger5Tip,0.01526403,0.03391528,0.0212414,0.9033389,0.06766082,-0.1242955,0.4049102
338,RightFinger1Tip,-0.05564773,0.08481669,0.05299181,-0.3287231,-0.5163856,0.1872423,0.7682631
338,RightFinger2Tip,-0.03154624,0.04627776,0.01273251,0.8649974,-0.07345134,0.08090866,0.4897337
338,RightFinger3Tip,-0.0121913,0.04369116,0.005216539,0.7557473,-0.01707329,0.03494323,0.6537082
338,RightFinger4Tip,0.003437042,0.03214705,0.01402587,0.8398196,0.04563254,-0.06448416,0.5370877
338,RightFinger5Tip,0.0151248,0.03409028,0.0211466,0.9023905,0.06819261,-0.1242198,0.4069542
339,RightFinger1Tip,-0.05426919,0.08534968,0.05274424,-0.3323572,-0.5207654,0.1790598,0.7656899
339,RightFinger2Tip,-0.03150165,0.04666853,0.01192448,0.8609145,-0.06866787,0.07802985,0.4980195
339,RightFinger3Tip,-0.01204574,0.0432955,0.004975528,0.7566288,-0.0185812,0.03581258,0.6526
339,RightFinger4Tip,0.003616571,0.03216505,0.0136362,0.838339,0.04994773,-0.06734645,0.5386636
339,RightFinger5Tip,0.01527321,0.03437197,0.02074596,0.9006853,0.06839123,-0.1234166,0.4109243
340,RightFinger1Tip,-0.05025768,0.08626115,0.05296285,-0.3420065,-0.532486,0.1519411,0.759213
340,RightFinger2Tip,-0.03115928,0.04578626,0.01254223,0.8649988,-0.07293887,0.082242,0.4895853
340,RightFinger3Tip,-0.01187205,0.04279959,0.00505583,0.7598739,-0.01902854,0.03633378,0.6487758
340,RightFinger4Tip,0.003743291,0.03169405,0.01338483,0.8392203,0.04295036,-0.06352276,0.5383585
340,RightFinger5Tip,0.01562166,0.03406465,0.02007593,0.8979246,0.06394839,-0.1206501,0.4184332
341,RightFinger1Tip,-0.04903305,0.08619523,0.05355172,-0.346061,-0.5360038,0.1469459,0.7558764
341,RightFinger2Tip,-0.03094542,0.04550481,0.01255642,0.8641407,-0.07121947,0.08215349,0.4913655
341,RightFinger3Tip,-0.01170015,0.04242456,0.005145952,0.7612485,-0.01883814,0.0365399,0.6471568
341,RightFinger4Tip,0.003963709,0.03161776,0.01320516,0.838006,0.04786817,-0.0668707,0.5394293
341,RightFinger5Tip,0.01583898,0.03400683,0.01980932,0.8964309,0.06609035,-0.1222289,0.4208378
342,RightFinger1Tip,-0.04808784,0.0859555,0.05455871,-0.3489937,-0.535793,0.1484255,0.7543878
342,RightFinger2Tip,-0.03075218,0.04569662,0.01271607,0.8629487,-0.07791402,0.08472532,0.4920089
342,RightFinger3Tip,-0.01160395,0.04222476,0.005312905,0.7613496,-0.0257804,0.03942284,0.6466298
342,RightFinger4Tip,0.004085779,0.03149056,0.01316853,0.8378623,0.0417493,-0.06290156,0.5406375
342,RightFinger5Tip,0.01613581,0.03388894,0.0195571,0.8949367,0.06077367,-0.1178857,0.4260276
343,RightFinger1Tip,-0.04760349,0.08559132,0.055629,-0.3497106,-0.5346186,0.1510297,0.7543719
343,RightFinger2Tip,-0.03048015,0.04534483,0.01321535,0.8625875,-0.07888515,0.08589431,0.4922838
343,RightFinger3Tip,-0.01145279,0.04198134,0.005808726,0.7632387,-0.02607634,0.03971696,0.6443682
343,RightFinger4Tip,0.004286885,0.0311271,0.01332487,0.8383932,0.04287167,-0.06406075,0.5395891
343,RightFinger5Tip,0.01636314,0.03367615,0.01962189,0.8943865,0.06489895,-0.1212072,0.4256423
344,RightFinger1Tip,-0.04719388,0.08526409,0.05648485,-0.3505342,-0.5340167,0.1530787,0.7540023
344,RightFinger2Tip,-0.03030598,0.04529369,0.01359272,0.8621573,-0.08479787,0.08860502,0.4915722
344,RightFinger3Tip,-0.01134884,0.04172134,0.006012946,0.7634939,-0.02981894,0.04142912,0.6437951
344,RightFinger4Tip,0.004361272,0.03097808,0.0135023,0.8390108,0.03988129,-0.06217541,0.5390782
344,RightFinger5Tip,0.01667845,0.03336799,0.01925585,0.8920219,0.0593048,-0.1171065,0.4325117
345,RightFinger1Tip,-0.04685104,0.08510518,0.05700353,-0.3508002,-0.5341161,0.1537942,0.7536631
345,RightFinger2Tip,-0.03012729,0.04514718,0.01390994,0.8625012,-0.08395497,0.08865146,0.4911063
345,RightFinger3Tip,-0.01123738,0.04189026,0.006277919,0.7644035,-0.02639151,0.0399091,0.6429617
345,RightFinger4Tip,0.004461646,0.03096175,0.01372731,0.8400809,0.04218064,-0.06371506,0.5370539
345,RightFinger5Tip,0.01674712,0.03348005,0.01950425,0.892704,0.06363163,-0.1199199,0.4297107
346,RightFinger1Tip,-0.04624498,0.08468914,0.05782917,-0.3533487,-0.5348557,0.1547788,0.7517437
346,RightFinger2Tip,-0.03004873,0.04517889,0.0140003,0.8616439,-0.08473299,0.08881165,0.492447
346,RightFinger3Tip,-0.01127565,0.04170775,0.006490409,0.7650436,-0.03516076,0.04356231,0.6415417
346,RightFinger4Tip,0.004515171,0.03088069,0.01386708,0.8405718,0.04189333,-0.06358051,0.5363234
346,RightFinger5Tip,0.01691604,0.03325438,0.01932395,0.8914094,0.06003786,-0.1174077,0.4335918
347,RightFinger1Tip,-0.04665232,0.08479941,0.05773255,-0.3500639,-0.533691,0.1549189,0.7540759
347,RightFinger2Tip,-0.02998102,0.04504907,0.01433644,0.8619941,-0.08918972,0.0910517,0.4906343
347,RightFinger3Tip,-0.0111897,0.0418818,0.00660947,0.7646993,-0.0277486,0.04042966,0.6425198
347,RightFinger4Tip,0.004560471,0.03083777,0.01377273,0.839506,0.03864401,-0.06136462,0.538491
347,RightFinger5Tip,0.01690221,0.03323758,0.01956484,0.89278,0.06186435,-0.1189166,0.4300894
348,RightFinger1Tip,-0.04629278,0.08440351,0.05847427,-0.3512501,-0.5338479,0.1558883,0.753213
348,RightFinger2Tip,-0.03001976,0.04502439,0.01470175,0.8628959,-0.08210367,0.08777162,0.490884
348,RightFinger3Tip,-0.01129305,0.04177666,0.006742716,0.7641305,-0.03315276,0.04264279,0.6427975
348,RightFinger4Tip,0.004604697,0.03086126,0.01393315,0.8400234,0.04294408,-0.06421044,0.537024
348,RightFinger5Tip,0.01693261,0.03307748,0.01959354,0.8933964,0.06014867,-0.1181237,0.4292708
349,RightFinger1Tip,-0.0464164,0.08449054,0.05850548,-0.3487076,-0.5333557,0.1550653,0.7549113
349,RightFinger2Tip,-0.0299927,0.04487073,0.01500529,0.8628797,-0.0856845,0.08951806,0.4899847
349,RightFinger3Tip,-0.01127934,0.04177427,0.007007033,0.7655064,-0.02663614,0.04000249,0.641632
349,RightFinger4Tip,0.004622102,0.03088307,0.01388201,0.8399016,0.04092723,-0.06282238,0.5375366
349,RightFinger5Tip,0.01695132,0.03312492,0.01965612,0.8948219,0.06222427,-0.119905,0.4254951
350,RightFinger1Tip,-0.04585552,0.08449221,0.05879778,-0.3496471,-0.5339575,0.1548974,0.7540848
350,RightFinger2Tip,-0.02993798,0.04486573,0.01512179,0.8627762,-0.08223403,0.08796926,0.4910365
350,RightFinger3Tip,-0.01127446,0.04169846,0.006906688,0.7644288,-0.02819209,0.04070038,0.6428049
350,RightFinger4Tip,0.004691243,0.03109872,0.01386642,0.8397083,0.04443693,-0.06491953,0.5373101
350,RightFinger5Tip,0.01698446,0.03326893,0.01967198,0.896338,0.06317206,-0.1206309,0.4219437
351,RightFinger1Tip,-0.04582155,0.084975,0.05851209,-0.3464946,-0.5331492,0.1560508,0.7558721
351,RightFinger2Tip,-0.0296886,0.04501009,0.01536453,0.8638552,-0.08257006,0.08818706,0.4890402
351,RightFinger3Tip,-0.01105094,0.04179084,0.007082045,0.7668312,-0.02159138,0.03800051,0.6403599
351,RightFinger4Tip,0.004862666,0.03118706,0.01372665,0.8398659,0.04258896,-0.06362116,0.5373681
351,RightFinger5Tip,0.0171355,0.03331983,0.01971149,0.8984987,0.06548785,-0.1227764,0.4163392
352,RightFinger1Tip,-0.04454815,0.08531988,0.05886951,-0.3478593,-0.5339697,0.1579966,0.75426
352,RightFinger2Tip,-0.02921808,0.04517007,0.01548079,0.8644365,-0.07396666,0.08461198,0.4900204
352,RightFinger3Tip,-0.01069021,0.04191041,0.00664708,0.7639247,-0.02223499,0.03829241,0.6437851
352,RightFinger4Tip,0.005325675,0.03135395,0.01334473,0.8382149,0.04980285,-0.06822243,0.5387592
352,RightFinger5Tip,0.01757073,0.03336954,0.01932868,0.8987996,0.06720188,-0.1240919,0.4150243
353,RightFinger1Tip,-0.04414535,0.08604264,0.05850738,-0.344318,-0.5336782,0.1580561,0.7560763
353,RightFinger2Tip,-0.02875328,0.0453186,0.01553941,0.8634827,-0.08015135,0.08751212,0.4902205
353,RightFinger3Tip,-0.01033866,0.04215407,0.006485105,0.7631437,-0.01679544,0.03602488,0.6450062
353,RightFinger4Tip,0.005657077,0.03161073,0.01278523,0.8356808,0.04570054,-0.06508167,0.5434283
353,RightFinger5Tip,0.01795721,0.03333688,0.0190064,0.8995289,0.06768401,-0.1247812,0.4131559
354,RightFinger1Tip,-0.04339612,0.08653736,0.05849564,-0.3435,-0.5327812,0.1590041,0.7568818
354,RightFinger2Tip,-0.02848673,0.04570103,0.01555228,0.863372,-0.07125119,0.08304925,0.4925598
354,RightFinger3Tip,-0.01007712,0.0420711,0.006419599,0.7633347,-0.01605828,0.03583488,0.6448089
354,RightFinger4Tip,0.005999565,0.03173816,0.01248759,0.8345866,0.05202175,-0.06908039,0.5440469
354,RightFinger5Tip,0.01825166,0.03359222,0.01876059,0.8995633,0.0710629,-0.1267244,0.4119193
355,RightFinger1Tip,-0.04235554,0.08698261,0.05875075,-0.3417545,-0.5329517,0.1578179,0.7578005
355,RightFinger2Tip,-0.02797055,0.04545212,0.0159857,0.8634852,-0.07259125,0.08446006,0.4919266
355,RightFinger3Tip,-0.009771585,0.04210711,0.006574959,0.764635,-0.01145084,0.03398227,0.6434662
355,RightFinger4Tip,0.006290913,0.03187215,0.01237103,0.835045,0.05141142,-0.06851794,0.5434736
355,RightFinger5Tip,0.01860094,0.03362393,0.01864439,0.9017122,0.07300887,-0.1286156,0.4062563
356,RightFinger1Tip,-0.04080689,0.08714986,0.05958301,-0.3423713,-0.5330949,0.1594815,0.7570724
356,RightFinger2Tip,-0.02752137,0.04577518,0.0163191,0.8628981,-0.06559769,0.08088763,0.494532
356,RightFinger3Tip,-0.009509206,0.04239202,0.006566226,0.7637476,-0.01036491,0.03342048,0.6445665
356,RightFinger4Tip,0.00669992,0.03214574,0.01231626,0.8353894,0.058423,-0.07272621,0.541685
356,RightFinger5Tip,0.01901937,0.03386247,0.01850185,0.9040806,0.07525361,-0.1300983,0.4000631
357,RightFinger1Tip,-0.04094505,0.08699512,0.06025276,-0.338778,-0.5320424,0.1634244,0.7585865
357,RightFinger2Tip,-0.02725625,0.04549074,0.01691762,0.8626559,-0.06706537,0.08195763,0.4945812
357,RightFinger3Tip,-0.009419084,0.04220021,0.006700128,0.7640154,-0.005466641,0.03156519,0.644403
357,RightFinger4Tip,0.006808996,0.03225887,0.01223516,0.8366303,0.05577759,-0.07094922,0.5402827
357,RightFinger5Tip,0.0192436,0.03418207,0.01831022,0.9062169,0.07393798,-0.1287419,0.3958926
358,RightFinger1Tip,-0.04070759,0.0864346,0.06138363,-0.340001,-0.5301539,0.1705372,0.7577957
358,RightFinger2Tip,-0.02731669,0.04538178,0.01704314,0.8611939,-0.06019093,0.07866141,0.4985337
358,RightFinger3Tip,-0.009646773,0.04229712,0.006819844,0.7640711,-0.006787428,0.03200417,0.6443032
358,RightFinger4Tip,0.006800771,0.0325352,0.01240554,0.8388299,0.06134624,-0.07440224,0.5357861
358,RightFinger5Tip,0.01924074,0.03455472,0.01825407,0.9088123,0.0749926,-0.1295902,0.3894153
359,RightFinger1Tip,-0.04073,0.08685374,0.0611082,-0.3364862,-0.5293314,0.1685265,0.7603849
359,RightFinger2Tip,-0.02714825,0.04500759,0.01737949,0.861335,-0.06554893,0.08174297,0.4971163
359,RightFinger3Tip,-0.009612083,0.04207969,0.006981522,0.7661648,-0.002195242,0.03023415,0.6419293
359,RightFinger4Tip,0.00680244,0.03261888,0.0121918,0.8390642,0.05722973,-0.07169636,0.536243
359,RightFinger5Tip,0.01937151,0.03469896,0.01781738,0.9085511,0.07416403,-0.1288617,0.3904233
360,RightFinger1Tip,-0.03971326,0.08656824,0.06186688,-0.3394338,-0.5305848,0.1696422,0.7579492
360,RightFinger2Tip,-0.0270704,0.04514515,0.01757559,0.8613657,-0.06031809,0.07908844,0.4981538
360,RightFinger3Tip,-0.009622335,0.04206002,0.006976962,0.7658685,-0.004399118,0.03113667,0.6422285
360,RightFinger4Tip,0.006915092,0.03274059,0.01213434,0.8388904,0.06132535,-0.0742062,0.5357206
360,RightFinger5Tip,0.01957107,0.03487921,0.01726937,0.90635,0.07531781,-0.1288294,0.3952987
361,RightFinger1Tip,-0.03968215,0.08676207,0.061795,-0.3373941,-0.5302201,0.168446,0.7593802
361,RightFinger2Tip,-0.02689731,0.04495835,0.01779449,0.8616435,-0.06350374,0.08092346,0.4969805
361,RightFinger3Tip,-0.009535909,0.04206181,0.006935358,0.7649644,-0.002093712,0.03023198,0.6433597
361,RightFinger4Tip,0.006970048,0.03267884,0.01198098,0.8383777,0.05731842,-0.07164663,0.5373123
361,RightFinger5Tip,0.01967692,0.03486121,0.01720983,0.9066717,0.07492235,-0.1285719,0.3947183
362,RightFinger1Tip,-0.03904331,0.08651984,0.06233096,-0.3390208,-0.5310806,0.1680657,0.7581385
362,RightFinger2Tip,-0.02685571,0.04516399,0.01798919,0.8615799,-0.06165271,0.07963403,0.497533
362,RightFinger3Tip,-0.009477139,0.04208565,0.007170141,0.7660444,-0.002032215,0.0301652,0.6420776
362,RightFinger4Tip,0.007063985,0.03280616,0.0121018,0.8381216,0.0614538,-0.07404553,0.5369304
362,RightFinger5Tip,0.01977801,0.03481853,0.01716313,0.9058707,0.07795045,-0.1307283,0.3952641
363,RightFinger1Tip,-0.03892863,0.086061,0.06310283,-0.3384536,-0.530834,0.1679631,0.7585868
363,RightFinger2Tip,-0.026721,0.044819,0.01843803,0.8619126,-0.06357826,0.08092245,0.4965047
363,RightFinger3Tip,-0.009431005,0.04194725,0.007523224,0.7655099,-0.004126742,0.03106299,0.6426616
363,RightFinger4Tip,0.007117271,0.03248572,0.01220064,0.8375462,0.05762387,-0.07186871,0.5385462
363,RightFinger5Tip,0.01990223,0.03459406,0.01719467,0.9047365,0.07542717,-0.1286369,0.3990188
364,RightFinger1Tip,-0.03862417,0.08552361,0.06385089,-0.3399343,-0.5315349,0.1682882,0.7573608
364,RightFinger2Tip,-0.02677083,0.04502201,0.01864778,0.8612547,-0.06130191,0.07927325,0.4981963
364,RightFinger3Tip,-0.009391189,0.04182827,0.007955119,0.7669439,-0.005433596,0.03159881,0.6409137
364,RightFinger4Tip,0.00715363,0.0324806,0.01248054,0.8375304,0.06001703,-0.0732841,0.5381185
364,RightFinger5Tip,0.01991773,0.03450155,0.01744501,0.9043307,0.07720886,-0.1298285,0.3992129
365,RightFinger1Tip,-0.03869939,0.08551848,0.06385747,-0.3393115,-0.5312958,0.1673955,0.7580053
365,RightFinger2Tip,-0.02669513,0.04482329,0.01877198,0.8616821,-0.06471331,0.08119885,0.4967127
365,RightFinger3Tip,-0.009340525,0.04171336,0.00814274,0.7677509,-0.006432408,0.03204444,0.6399149
365,RightFinger4Tip,0.007135272,0.03226042,0.01258075,0.8381978,0.05542967,-0.07061214,0.5379282
365,RightFinger5Tip,0.0199486,0.03441703,0.01748779,0.90394,0.07370932,-0.1269727,0.4016696
366,RightFinger1Tip,-0.03837013,0.08573532,0.06358078,-0.3408241,-0.5317669,0.166869,0.7571123
366,RightFinger2Tip,-0.02665234,0.0448308,0.0185349,0.8616731,-0.06269854,0.08049689,0.4971017
366,RightFinger3Tip,-0.009295106,0.04169023,0.007902861,0.7673075,-0.007959541,0.03271502,0.640396
366,RightFinger4Tip,0.007168055,0.03239477,0.01255089,0.8380274,0.05785144,-0.07200095,0.5377551
366,RightFinger5Tip,0.019943,0.03427565,0.01750851,0.9044186,0.07459866,-0.1283094,0.4000003
367,RightFinger1Tip,-0.03913105,0.08622098,0.06279469,-0.3375788,-0.5309238,0.1664712,0.7592422
367,RightFinger2Tip,-0.02667296,0.04510581,0.01825184,0.8610803,-0.06597681,0.0815982,0.4975244
367,RightFinger3Tip,-0.009203076,0.04192221,0.007827342,0.7676955,-0.002692084,0.03046182,0.6400854
367,RightFinger4Tip,0.007187486,0.03241003,0.01226094,0.8365403,0.05598321,-0.07071802,0.5404314
367,RightFinger5Tip,0.01994228,0.03431177,0.01748985,0.9042023,0.07574759,-0.1290912,0.4000214
368,RightFinger1Tip,-0.0385704,0.08627272,0.06276563,-0.3403735,-0.5316702,0.1666212,0.7574373
368,RightFinger2Tip,-0.02664912,0.04516733,0.01801762,0.8612124,-0.06229538,0.08001696,0.4980271
368,RightFinger3Tip,-0.009205461,0.04185843,0.007530361,0.7661906,-0.008300009,0.03282072,0.6417221
368,RightFinger4Tip,0.007237434,0.03241169,0.01238611,0.8378179,0.05978257,-0.07328448,0.5376968
368,RightFinger5Tip,0.01994443,0.03436351,0.01752719,0.9047026,0.07485489,-0.1282866,0.3993169
369,RightFinger1Tip,-0.03901434,0.08656001,0.06223273,-0.3390394,-0.5316017,0.1665632,0.7580963
369,RightFinger2Tip,-0.02656436,0.04507005,0.01787794,0.8615503,-0.06666096,0.08243751,0.4964806
369,RightFinger3Tip,-0.009094357,0.0419842,0.007382512,0.7661147,-0.003655944,0.03089648,0.6419514
369,RightFinger4Tip,0.007218719,0.03237581,0.01229754,0.8374423,0.05634512,-0.07109491,0.5389459
369,RightFinger5Tip,0.01991582,0.03430533,0.0176273,0.905063,0.0760034,-0.1294783,0.3978964
370,RightFinger1Tip,-0.03864598,0.08671427,0.0620248,-0.341024,-0.5317627,0.1659352,0.7572303
370,RightFinger2Tip,-0.02664709,0.0454464,0.01751173,0.8608392,-0.06376716,0.08049832,0.4984084
370,RightFinger3Tip,-0.009107947,0.04205608,0.007055402,0.7640899,-0.00823211,0.03276186,0.6442257
370,RightFinger4Tip,0.007243276,0.0324645,0.01229605,0.8372074,0.05860494,-0.07240833,0.5388947
370,RightFinger5Tip,0.01989377,0.03409839,0.01766828,0.9049596,0.07543619,-0.1296525,0.3981828
371,RightFinger1Tip,-0.03889227,0.08694804,0.06155241,-0.3405581,-0.5317724,0.1644806,0.7577499
371,RightFinger2Tip,-0.02664661,0.04545999,0.0173251,0.8610939,-0.06427397,0.08086148,0.497843
371,RightFinger3Tip,-0.009002924,0.04206383,0.007090926,0.765256,-0.0055032,0.03165033,0.6429244
371,RightFinger4Tip,0.007241726,0.03242135,0.01229483,0.8367108,0.05852035,-0.07235868,0.5396799
371,RightFinger5Tip,0.01985741,0.03438497,0.01781192,0.9042203,0.07718005,-0.1296291,0.3995321
372,RightFinger1Tip,-0.03918922,0.08701384,0.0612818,-0.3401252,-0.5316402,0.1635607,0.7582368
372,RightFinger2Tip,-0.02671242,0.04557633,0.01714933,0.8606569,-0.06689341,0.08181664,0.4980988
372,RightFinger3Tip,-0.009026885,0.04202604,0.007057667,0.7651297,-0.009842461,0.03342791,0.6429334
372,RightFinger4Tip,0.00718379,0.03238201,0.01247793,0.8371952,0.05694449,-0.0713517,0.5392325
372,RightFinger5Tip,0.01978767,0.03400731,0.01802105,0.9048178,0.07324793,-0.1276529,0.3995568
