SensorName,FrameIndex,Theta,Phi
Hips,1,0,0
LeftThigh,1,0,7853978,1,570451
LeftShin,1,0,7853978,1,570451
LeftFoot,1,1,570794,1,559431E-06
LeftToe,1,1,570794,1,475138E-06
LeftToeTip,1,1,570794,1,475138E-06
RightThigh,1,-0,7853978,-1,570451
RightShin,1,-0,7853978,-1,570451
RightFoot,1,-1,570796,-8,42937E-07
RightToe,1,-1,570796,-8,42937E-07
RightToeTip,1,-1,570796,-8,42937E-07
Spine1,1,-1,570796,-1,355253E-20
Spine2,1,-1,570796,-1,355253E-20
Spine3,1,-1,570796,-1,355253E-20
Spine4,1,-1,570796,-1,355253E-20
LeftShoulder,1,-3,141593,1,509957E-07
LeftArm,1,-2,356195,1,570198
LeftForeArm,1,-2,356195,1,570308
LeftHand,1,-2,356195,1,570308
LeftFinger1Metacarpal,1,-1,701699,0,6590626
LeftFinger1Proximal,1,-1,963499,0,785405
LeftFinger1Distal,1,-1,963499,0,785405
LeftFinger1Tip,1,-1,963496,0,7854046
LeftFinger2Metacarpal,1,-2,268929,1,39626
LeftFinger2Proximal,1,-2,356194,1,570451
LeftFinger2Medial,1,-2,356194,1,570308
LeftFinger2Distal,1,-2,356194,1,570308
LeftFinger2Tip,1,-2,356196,1,570308
LeftFinger3Metacarpal,1,-2,356195,1,570308
LeftFinger3Proximal,1,-2,356195,1,570198
LeftFinger3Medial,1,-2,356195,1,570308
LeftFinger3Distal,1,-2,356195,1,570198
LeftFinger3Tip,1,-2,356195,1,570198
LeftFinger4Metacarpal,1,-2,443461,1,396265
LeftFinger4Proximal,1,-2,356194,1,570796
LeftFinger4Medial,1,-2,356194,1,570796
LeftFinger4Distal,1,-2,356194,NaN
LeftFinger4Tip,1,-2,356194,NaN
LeftFinger5Metacarpal,1,-2,530728,1,221732
LeftFinger5Proximal,1,-2,356196,1,570198
LeftFinger5Medial,1,-2,356194,1,570198
LeftFinger5Distal,1,-2,356194,1,570308
LeftFinger5Tip,1,-2,356194,1,570308
Neck,1,-1,570796,-1,355253E-20
Head,1,-1,570796,-1,355253E-20
HeadTip,1,-1,570796,-1,355253E-20
RightShoulder,1,-4,768372E-07,-1,819926E-06
RightArm,1,-0,7853981,-1,570451
RightForeArm,1,-0,7853974,-1,570796
RightHand,1,-0,7853974,-1,570451
RightFinger1Metacarpal,1,-1,439893,-0,6590614
RightFinger1Proximal,1,-1,178094,-0,7854015
RightFinger1Distal,1,-1,178094,-0,7854016
RightFinger1Tip,1,-1,178096,-0,7854015
RightFinger2Metacarpal,1,-0,8726643,-1,396265
RightFinger2Proximal,1,-0,7853965,-1,570796
RightFinger2Medial,1,-0,7853965,-1,570796
RightFinger2Distal,1,-0,7853965,-1,570796
RightFinger2Tip,1,-0,7853962,-1,570796
RightFinger3Metacarpal,1,-0,7853978,-1,570796
RightFinger3Proximal,1,-0,7853968,-1,570796
RightFinger3Medial,1,-0,7853968,-1,570796
RightFinger3Distal,1,-0,7853967,-1,570796
RightFinger3Tip,1,-0,7853967,NaN
RightFinger4Metacarpal,1,-0,6981313,-1,396262
RightFinger4Proximal,1,-0,7853967,-1,570451
RightFinger4Medial,1,-0,7853965,-1,570796
RightFinger4Distal,1,-0,7853965,-1,570796
RightFinger4Tip,1,-0,7853965,-1,570796
RightFinger5Metacarpal,1,-0,6108645,-1,22173
RightFinger5Proximal,1,-0,7853967,NaN
RightFinger5Medial,1,-0,7853966,NaN
RightFinger5Distal,1,-0,7853966,NaN
RightFinger5Tip,1,-0,7853966,NaN
Hips,156,0,0
LeftThigh,156,0,7923601,1,45993
LeftShin,156,0,7868711,1,303352
LeftFoot,156,-1,610257,0,02800368
LeftToe,156,-1,61016,0,02800376
LeftToeTip,156,-1,61016,0,02800376
RightThigh,156,-0,7698382,-1,471067
RightShin,156,-0,7304571,-1,279919
RightFoot,156,-1,487688,-0,1628411
RightToe,156,-1,487692,-0,1628411
RightToeTip,156,-1,487692,-0,1628411
Spine1,156,-0,7960922,-0,007466147
Spine2,156,-0,7960944,-0,01503492
Spine3,156,-0,7960873,-0,02272643
Spine4,156,-0,7960873,-0,02272643
LeftShoulder,156,-0,1130348,0,03453221
LeftArm,156,0,8419994,1,413749
LeftForeArm,156,0,7892141,1,559667
LeftHand,156,0,7371166,1,326434
LeftFinger1Metacarpal,156,1,351851,0,2744036
LeftFinger1Proximal,156,1,462369,0,2732299
LeftFinger1Distal,156,1,491539,0,2043508
LeftFinger1Tip,156,1,491539,0,2043507
LeftFinger2Metacarpal,156,-2,399329,1,163111
LeftFinger2Proximal,156,0,8186735,1,462052
LeftFinger2Medial,156,0,8319457,1,462052
LeftFinger2Distal,156,0,8425595,1,46205
LeftFinger2Tip,156,0,8425576,1,462055
LeftFinger3Metacarpal,156,0,7371166,1,326433
LeftFinger3Proximal,156,0,8066627,1,523776
LeftFinger3Medial,156,0,8125567,1,523776
LeftFinger3Distal,156,0,8179235,1,523784
LeftFinger3Tip,156,0,8179232,1,52378
LeftFinger4Metacarpal,156,0,7320717,1,452904
LeftFinger4Proximal,156,0,8010561,1,479529
LeftFinger4Medial,156,0,7882406,1,479527
LeftFinger4Distal,156,0,7771674,1,479529
LeftFinger4Tip,156,0,7771674,1,479532
LeftFinger5Metacarpal,156,0,7270523,1,401201
LeftFinger5Proximal,156,-2,335592,1,349515
LeftFinger5Medial,156,0,7836432,1,349513
LeftFinger5Distal,156,-2,375146,1,349512
LeftFinger5Tip,156,-2,375146,1,349512
Neck,156,-1,066333,-0,07781401
Head,156,-1,104204,-0,1381947
HeadTip,156,-1,104204,-0,1381947
RightShoulder,156,0,1277536,-0,02718733
RightArm,156,-0,7060779,-1,382671
RightForeArm,156,-0,6612725,-1,322526
RightHand,156,-0,7241504,-1,42773
RightFinger1Metacarpal,156,-1,301869,-0,3792329
RightFinger1Proximal,156,1,771495,-0,4284687
RightFinger1Distal,156,-1,37965,-0,4208177
RightFinger1Tip,156,-1,37965,-0,4208173
RightFinger2Metacarpal,156,2,409365,-1,301005
RightFinger2Proximal,156,2,343431,-1,471013
RightFinger2Medial,156,-0,8605084,-1,471014
RightFinger2Distal,156,1,947078,-1,471016
RightFinger2Tip,156,1,947078,-1,471015
RightFinger3Metacarpal,156,-0,7241505,-1,427731
RightFinger3Proximal,156,2,353323,-1,487762
RightFinger3Medial,156,-0,8735847,-1,487765
RightFinger3Distal,156,-0,5117325,-1,48776
RightFinger3Tip,156,-0,5117319,-1,487763
RightFinger4Metacarpal,156,-0,716135,-1,401276
RightFinger4Proximal,156,2,417578,-1,380912
RightFinger4Medial,156,-0,8321466,-1,380914
RightFinger4Distal,156,-0,5016218,-1,380909
RightFinger4Tip,156,-0,5016215,-1,38091
RightFinger5Metacarpal,156,-0,7080583,-1,2584
RightFinger5Proximal,156,2,425537,-1,444245
RightFinger5Medial,156,-0,6973208,-1,444248
RightFinger5Distal,156,2,499351,-1,444247
RightFinger5Tip,156,2,499351,-1,444247
Hips,417,0,0
LeftThigh,417,0,7351547,1,303242
LeftShin,417,0,655109,1,215646
LeftFoot,417,-1,641682,0,3101275
LeftToe,417,-1,642628,0,3101276
LeftToeTip,417,-1,642628,0,3101276
RightThigh,417,-0,7361926,-1,443162
RightShin,417,-0,7300108,-1,19851
RightFoot,417,-1,48012,-0,1283409
RightToe,417,-1,465889,-0,1283411
RightToeTip,417,-1,465889,-0,1283411
Spine1,417,-1,140637,0,00438973
Spine2,417,-1,14064,0,008272282
Spine3,417,-1,140641,0,01165004
Spine4,417,-1,140641,0,01165004
LeftShoulder,417,-0,1219002,0,09678426
LeftArm,417,0,7832344,1,452271
LeftForeArm,417,0,7038727,1,40676
LeftHand,417,0,652131,1,237902
LeftFinger1Metacarpal,417,1,270909,0,4020616
LeftFinger1Proximal,417,1,366032,0,4455994
LeftFinger1Distal,417,1,391159,0,3783357
LeftFinger1Tip,417,1,391159,0,378336
LeftFinger2Metacarpal,417,-2,480264,1,123712
LeftFinger2Proximal,417,0,7314625,1,417174
LeftFinger2Medial,417,0,7422203,1,41717
LeftFinger2Distal,417,0,7506418,1,417172
LeftFinger2Tip,417,0,75064,1,417174
LeftFinger3Metacarpal,417,0,6521311,1,237902
LeftFinger3Proximal,417,0,7180372,1,432129
LeftFinger3Medial,417,0,721145,1,432123
LeftFinger3Distal,417,0,7238767,1,432127
LeftFinger3Tip,417,0,7238768,1,432127
LeftFinger4Metacarpal,417,0,6431188,1,286184
LeftFinger4Proximal,417,0,7091199,1,409295
LeftFinger4Medial,417,0,6941251,1,409297
LeftFinger4Distal,417,0,6815268,1,409297
LeftFinger4Tip,417,0,6815269,1,409297
LeftFinger5Metacarpal,417,0,6341548,1,23845
LeftFinger5Proximal,417,-2,430311,1,328189
LeftFinger5Medial,417,0,6868389,1,328188
LeftFinger5Distal,417,-2,473169,1,328186
LeftFinger5Tip,417,-2,473169,1,328186
Neck,417,-1,429683,0,03006126
Head,417,-1,52737,0,04980703
HeadTip,417,-1,52737,0,04980703
RightShoulder,417,0,04229558,-0,1023471
RightArm,417,-0,8344592,-1,367459
RightForeArm,417,-0,7671006,-1,489954
RightHand,417,-0,7346099,-1,458172
RightFinger1Metacarpal,417,-1,301932,-0,399459
RightFinger1Proximal,417,1,768517,-0,4320094
RightFinger1Distal,417,-1,382599,-0,4223244
RightFinger1Tip,417,-1,382599,-0,422324
RightFinger2Metacarpal,417,2,399614,-1,331568
RightFinger2Proximal,417,2,342187,-1,503944
RightFinger2Medial,417,-0,8437908,-1,503946
RightFinger2Distal,417,2,001802,-1,503944
RightFinger2Tip,417,2,001802,-1,50394
RightFinger3Metacarpal,417,-0,73461,-1,45817
RightFinger3Proximal,417,2,353967,-1,519027
RightFinger3Medial,417,-0,838004,-1,519032
RightFinger3Distal,417,-0,5772905,-1,519019
RightFinger3Tip,417,-0,5772893,-1,519014
RightFinger4Metacarpal,417,-0,7272796,-1,400978
RightFinger4Proximal,417,2,41448,-1,426775
RightFinger4Medial,417,-0,774682,-1,426778
RightFinger4Distal,417,-0,6120633,-1,426777
RightFinger4Tip,417,-0,6120634,-1,426777
RightFinger5Metacarpal,417,-0,7198744,-1,245697
RightFinger5Proximal,417,2,416963,-1,449387
RightFinger5Medial,417,-0,6783648,-1,44939
RightFinger5Distal,417,2,585411,-1,44939
RightFinger5Tip,417,2,585411,-1,44939
Hips,675,0,0
LeftThigh,675,0,7563255,1,396231
LeftShin,675,0,723867,1,254532
LeftFoot,675,-1,736704,0,1782956
LeftToe,675,-1,747386,0,1782951
LeftToeTip,675,-1,747386,0,1782951
RightThigh,675,-0,754838,-1,429628
RightShin,675,-0,6956695,-1,298113
RightFoot,675,-1,491364,-0,2366802
RightToe,675,-1,490984,-0,23668
RightToeTip,675,-1,490984,-0,23668
Spine1,675,-1,624135,-0,004063618
Spine2,675,-1,62414,-0,00807672
Spine3,675,-1,624141,-0,01204554
Spine4,675,-1,624141,-0,01204554
LeftShoulder,675,-0,08517811,0,08808504
LeftArm,675,0,8506163,1,385398
LeftForeArm,675,0,7656906,1,527816
LeftHand,675,0,6694373,1,264693
LeftFinger1Metacarpal,675,1,276294,0,3618669
LeftFinger1Proximal,675,1,40626,0,3951926
LeftFinger1Distal,675,1,440044,0,3287251
LeftFinger1Tip,675,1,440044,0,3287249
LeftFinger2Metacarpal,675,-2,470634,1,133431
LeftFinger2Proximal,675,0,7532536,1,460391
LeftFinger2Medial,675,0,7626295,1,460389
LeftFinger2Distal,675,0,7702659,1,46039
LeftFinger2Tip,675,0,770264,1,460387
LeftFinger3Metacarpal,675,0,6694374,1,264693
LeftFinger3Proximal,675,0,7411173,1,482144
LeftFinger3Medial,675,0,7411968,1,482145
LeftFinger3Distal,675,0,7412702,1,482146
LeftFinger3Tip,675,0,7412702,1,482146
LeftFinger4Metacarpal,675,0,6679419,1,334384
LeftFinger4Proximal,675,0,739024,1,446779
LeftFinger4Medial,675,0,7198694,1,446779
LeftFinger4Distal,675,0,7029143,1,446781
LeftFinger4Tip,675,0,7029144,1,446781
LeftFinger5Metacarpal,675,0,6664508,1,291737
LeftFinger5Proximal,675,-2,393401,1,342787
LeftFinger5Medial,675,0,7195194,1,342784
LeftFinger5Distal,675,-2,444745,1,342782
LeftFinger5Tip,675,-2,444746,1,342783
Neck,675,-1,959687,0,06929242
Head,675,-2,059526,0,1554111
HeadTip,675,-2,059526,0,1554111
RightShoulder,675,0,08736449,-0,09765988
RightArm,675,-0,7821499,-1,393377
RightForeArm,675,-0,7256011,-1,448458
RightHand,675,-0,7187629,-1,407707
RightFinger1Metacarpal,675,-1,298611,-0,3988869
RightFinger1Proximal,675,1,78189,-0,4467517
RightFinger1Distal,675,-1,367717,-0,4392543
RightFinger1Tip,675,-1,367717,-0,439254
RightFinger2Metacarpal,675,2,413057,-1,279837
RightFinger2Proximal,675,2,350403,-1,454619
RightFinger2Medial,675,-0,850317,-1,454619
RightFinger2Distal,675,2,107702,-1,454617
RightFinger2Tip,675,2,107703,-1,454616
RightFinger3Metacarpal,675,-0,7187631,-1,407707
RightFinger3Proximal,675,2,357686,-1,471961
RightFinger3Medial,675,-0,8552374,-1,47196
RightFinger3Distal,675,0,5180975,-1,471958
RightFinger3Tip,675,0,5181046,-1,471962
RightFinger4Metacarpal,675,-0,7090859,-1,400358
RightFinger4Proximal,675,2,411409,-1,398967
RightFinger4Medial,675,-0,8034198,-1,398966
RightFinger4Distal,675,-0,1370088,-1,398966
RightFinger4Tip,675,-0,1370085,-1,398966
RightFinger5Metacarpal,675,-0,6993559,-1,267464
RightFinger5Proximal,675,2,418835,-1,454093
RightFinger5Medial,675,-0,700236,-1,454092
RightFinger5Distal,675,2,484314,-1,454094
RightFinger5Tip,675,2,484314,-1,454094
Hips,996,0,0
LeftThigh,996,0,7656699,1,44751
LeftShin,996,0,7217841,1,259986
LeftFoot,996,-1,656699,0,1788476
LeftToe,996,-1,656744,0,1788477
LeftToeTip,996,-1,656744,0,1788477
RightThigh,996,-0,7316713,-1,390569
RightShin,996,-0,6384448,-1,160742
RightFoot,996,-1,483457,-0,3547559
RightToe,996,-1,485171,-0,354756
RightToeTip,996,-1,485171,-0,354756
Spine1,996,-1,266442,0,003525681
Spine2,996,-1,266438,0,00645441
Spine3,996,-1,266437,0,008782338
Spine4,996,-1,266437,0,008782338
LeftShoulder,996,-0,1089384,0,1283512
LeftArm,996,0,8268419,1,420341
LeftForeArm,996,0,7251102,1,417272
LeftHand,996,0,6162989,1,213524
LeftFinger1Metacarpal,996,1,220342,0,5009966
LeftFinger1Proximal,996,1,326722,0,5269046
LeftFinger1Distal,996,1,3566,0,441575
LeftFinger1Tip,996,1,3566,0,441575
LeftFinger2Metacarpal,996,-2,515998,1,13996
LeftFinger2Proximal,996,0,6806705,1,353033
LeftFinger2Medial,996,0,6844649,1,353031
LeftFinger2Distal,996,0,6874545,1,353032
LeftFinger2Tip,996,0,6874526,1,353032
LeftFinger3Metacarpal,996,0,6162988,1,213524
LeftFinger3Proximal,996,0,6677561,1,338595
LeftFinger3Medial,996,0,6614477,1,338596
LeftFinger3Distal,996,0,655938,1,338596
LeftFinger3Tip,996,0,6559379,1,338596
LeftFinger4Metacarpal,996,0,6071318,1,212867
LeftFinger4Proximal,996,0,6588624,1,303767
LeftFinger4Medial,996,0,6363456,1,303768
LeftFinger4Distal,996,0,6178054,1,303769
LeftFinger4Tip,996,0,6178055,1,303769
LeftFinger5Metacarpal,996,0,5979554,1,138332
LeftFinger5Proximal,996,-2,482146,1,251708
LeftFinger5Medial,996,0,6326818,1,251708
LeftFinger5Distal,996,-2,529203,1,251708
LeftFinger5Tip,996,-2,529203,1,251706
Neck,996,-1,47081,0,04225197
Head,996,-1,590628,0,07667039
HeadTip,996,-1,590628,0,07667039
RightShoulder,996,0,01649331,-0,1338849
RightArm,996,-0,8130003,-1,366383
RightForeArm,996,-0,7250724,-1,429224
RightHand,996,-0,7068986,-1,40465
RightFinger1Metacarpal,996,-1,269822,-0,4621051
RightFinger1Proximal,996,1,791461,-0,4871037
RightFinger1Distal,996,-1,361916,-0,472663
RightFinger1Tip,996,-1,361916,-0,4726628
RightFinger2Metacarpal,996,2,429422,-1,299369
RightFinger2Proximal,996,2,388694,-1,476596
RightFinger2Medial,996,-0,764598,-1,476598
RightFinger2Distal,996,2,364707,-1,476598
RightFinger2Tip,996,2,364707,-1,4766
RightFinger3Metacarpal,996,-0,7068987,-1,404651
RightFinger3Proximal,996,2,388969,-1,509482
RightFinger3Medial,996,-0,7442895,-1,509486
RightFinger3Distal,996,2,411861,-1,509489
RightFinger3Tip,996,2,41186,-1,509487
RightFinger4Metacarpal,996,-0,7016569,-1,36601
RightFinger4Proximal,996,2,424507,-1,443006
RightFinger4Medial,996,-0,7034089,-1,443007
RightFinger4Distal,996,2,460831,-1,443013
RightFinger4Tip,996,2,460831,-1,443012
RightFinger5Metacarpal,996,-0,6963643,-1,229225
RightFinger5Proximal,996,2,424019,-1,391811
RightFinger5Medial,996,-0,6787559,-1,391812
RightFinger5Distal,996,2,504011,-1,391816
RightFinger5Tip,996,2,504011,-1,391816
Hips,1309,0,0
LeftThigh,1309,0,809625,1,393518
LeftShin,1309,0,846444,1,31439
LeftFoot,1309,-1,540954,-0,1406989
LeftToe,1309,-1,54053,-0,1406988
LeftToeTip,1309,-1,54053,-0,1406988
RightThigh,1309,-0,7312859,-1,456053
RightShin,1309,-0,6528305,-1,200717
RightFoot,1309,-1,400488,-0,3244987
RightToe,1309,-1,400593,-0,3244986
RightToeTip,1309,-1,400593,-0,3244986
Spine1,1309,0,4570644,0,005434155
Spine2,1309,0,4570566,0,01094868
Spine3,1309,0,4570534,0,01655924
Spine4,1309,0,4570534,0,01655924
LeftShoulder,1309,-0,1804965,-0,01912487
LeftArm,1309,0,7226297,1,440107
LeftForeArm,1309,0,6371084,1,269639
LeftHand,1309,0,629634,1,158486
LeftFinger1Metacarpal,1309,1,265018,0,3564241
LeftFinger1Proximal,1309,1,365646,0,4471069
LeftFinger1Distal,1309,1,392222,0,3885095
LeftFinger1Tip,1309,1,392222,0,3885094
LeftFinger2Metacarpal,1309,-2,505433,1,037822
LeftFinger2Proximal,1309,0,7230162,1,336456
LeftFinger2Medial,1309,0,7438412,1,336455
LeftFinger2Distal,1309,0,7603566,1,336455
LeftFinger2Tip,1309,0,7603547,1,336457
LeftFinger3Metacarpal,1309,0,629634,1,158486
LeftFinger3Proximal,1309,0,7083322,1,371552
LeftFinger3Medial,1309,0,7264232,1,371553
LeftFinger3Distal,1309,0,7424885,1,371552
LeftFinger3Tip,1309,0,7424886,1,371552
LeftFinger4Metacarpal,1309,0,6232765,1,232294
LeftFinger4Proximal,1309,0,7021322,1,406731
LeftFinger4Medial,1309,0,7002596,1,406731
LeftFinger4Distal,1309,0,6986848,1,406728
LeftFinger4Tip,1309,0,6986846,1,406729
LeftFinger5Metacarpal,1309,0,6169896,1,227499
LeftFinger5Proximal,1309,-2,436753,1,397472
LeftFinger5Medial,1309,0,692506,1,397469
LeftFinger5Distal,1309,-2,458492,1,39747
LeftFinger5Tip,1309,-2,458492,1,39747
Neck,1309,-0,6164076,-0,06752085
Head,1309,-0,9271735,-0,1524146
HeadTip,1309,-0,9271735,-0,1524146
RightShoulder,1309,0,1004367,0,01632516
RightArm,1309,-0,8318103,-1,474668
RightForeArm,1309,-0,8059477,-1,402876
RightHand,1309,-0,8260835,-1,252941
RightFinger1Metacarpal,1309,-1,456831,-0,08138046
RightFinger1Proximal,1309,1,633079,-0,1376868
RightFinger1Distal,1309,-1,51566,-0,133607
RightFinger1Tip,1309,-1,51566,-0,1336069
RightFinger2Metacarpal,1309,2,305379,-1,079654
RightFinger2Proximal,1309,2,187186,-1,215444
RightFinger2Medial,1309,-1,078479,-1,215442
RightFinger2Distal,1309,1,818158,-1,215441
RightFinger2Tip,1309,1,818158,-1,215441
RightFinger3Metacarpal,1309,-0,8260838,-1,252941
RightFinger3Proximal,1309,2,180695,-1,237824
RightFinger3Medial,1309,-1,221174,-1,237822
RightFinger3Distal,1309,0,03057757,-1,237821
RightFinger3Tip,1309,0,03057955,-1,237822
RightFinger4Metacarpal,1309,-0,8162194,-1,423399
RightFinger4Proximal,1309,2,240214,-1,28834
RightFinger4Medial,1309,-1,212962,-1,288338
RightFinger4Distal,1309,-0,1521829,-1,288336
RightFinger4Tip,1309,-0,1521824,-1,288335
RightFinger5Metacarpal,1309,-0,8064646,-1,513377
RightFinger5Proximal,1309,2,261939,-1,381242
RightFinger5Medial,1309,-0,9470754,-1,381241
RightFinger5Distal,1309,2,034621,-1,381241
RightFinger5Tip,1309,2,034621,-1,381241
Hips,1610,0,0
LeftThigh,1610,0,7745948,1,469231
LeftShin,1610,0,762295,1,309887
LeftFoot,1610,-1,588452,0,05432195
LeftToe,1610,-1,588497,0,054322
LeftToeTip,1610,-1,588497,0,054322
RightThigh,1610,-0,7399926,-1,465979
RightShin,1610,-0,6735461,-1,219045
RightFoot,1610,-1,400552,-0,2790957
RightToe,1610,-1,400304,-0,2790957
RightToeTip,1610,-1,400304,-0,2790957
Spine1,1610,-0,2155387,0,0135839
Spine2,1610,-0,2155423,0,0270787
Spine3,1610,-0,2155451,0,04051457
Spine4,1610,-0,2155451,0,04051457
LeftShoulder,1610,-0,2135657,0,009904865
LeftArm,1610,0,6880246,1,366309
LeftForeArm,1610,0,9923752,0,3724932
LeftHand,1610,1,148296,0,6187594
LeftFinger1Metacarpal,1610,1,885782,-0,3366094
LeftFinger1Proximal,1610,1,812485,-0,1737744
LeftFinger1Distal,1610,1,816853,-0,182981
LeftFinger1Tip,1610,1,816855,-0,1829818
LeftFinger2Metacarpal,1610,-1,889557,0,4514114
LeftFinger2Proximal,1610,1,252531,0,3820111
LeftFinger2Medial,1610,1,255678,0,382011
LeftFinger2Distal,1610,1,257592,0,3820105
LeftFinger2Tip,1610,1,257591,0,3820094
LeftFinger3Metacarpal,1610,1,148296,0,6187592
LeftFinger3Proximal,1610,0,997586,0,6435084
LeftFinger3Medial,1610,1,037376,0,6435088
LeftFinger3Distal,1610,1,058005,0,6435096
LeftFinger3Tip,1610,1,058005,0,6435097
LeftFinger4Metacarpal,1610,1,048383,0,7840918
LeftFinger4Proximal,1610,0,8183903,0,98696
LeftFinger4Medial,1610,0,8456343,0,9869616
LeftFinger4Distal,1610,0,8609698,0,9869617
LeftFinger4Tip,1610,0,8609697,0,9869616
LeftFinger5Metacarpal,1610,0,9525303,0,9456659
LeftFinger5Proximal,1610,-2,561224,1,344694
LeftFinger5Medial,1610,0,6010549,1,344695
LeftFinger5Distal,1610,-2,529172,1,344694
LeftFinger5Tip,1610,-2,529172,1,344694
Neck,1610,-1,028136,-0,007215748
Head,1610,-1,234882,-0,05522795
HeadTip,1610,-1,234882,-0,05522795
RightShoulder,1610,-0,01868388,-0,01331667
RightArm,1610,-1,191502,-0,6288005
RightForeArm,1610,-1,55641,0,3503892
RightHand,1610,-1,63567,0,6452396
RightFinger1Metacarpal,1610,-2,4895,1,115328
RightFinger1Proximal,1610,0,6869538,1,073766
RightFinger1Distal,1610,-2,480101,1,109562
RightFinger1Tip,1610,-2,480102,1,109562
RightFinger2Metacarpal,1610,1,406782,0,8163876
RightFinger2Proximal,1610,1,413018,0,9341406
RightFinger2Medial,1610,-1,758751,0,9341416
RightFinger2Distal,1610,1,364464,0,9341431
RightFinger2Tip,1610,1,364464,0,9341425
RightFinger3Metacarpal,1610,-1,635671,0,6452399
RightFinger3Proximal,1610,1,677227,0,4507972
RightFinger3Medial,1610,-1,532946,0,4507974
RightFinger3Distal,1610,1,57047,0,4507979
RightFinger3Tip,1610,1,57047,0,4507979
RightFinger4Metacarpal,1610,-1,54638,0,4733106
RightFinger4Proximal,1610,1,749112,0,1922853
RightFinger4Medial,1610,-1,438719,0,1922857
RightFinger4Distal,1610,1,676216,0,1922866
RightFinger4Tip,1610,1,676216,0,1922864
RightFinger5Metacarpal,1610,-1,465597,0,3009502
RightFinger5Proximal,1610,2,009073,-0,3212585
RightFinger5Medial,1610,-1,179174,-0,3212588
RightFinger5Distal,1610,1,936141,-0,3212587
RightFinger5Tip,1610,1,936141,-0,3212587
Hips,1906,0,0
LeftThigh,1906,0,7796088,1,522243
LeftShin,1906,0,7573614,1,295067
LeftFoot,1906,-1,602414,0,09198583
LeftToe,1906,-1,60252,0,09198573
LeftToeTip,1906,-1,60252,0,09198573
RightThigh,1906,-0,7765493,-1,497258
RightShin,1906,-0,7354274,-1,289302
RightFoot,1906,-1,478032,-0,1671037
RightToe,1906,-1,478094,-0,1671036
RightToeTip,1906,-1,478094,-0,1671036
Spine1,1906,1,540395,0,006401561
Spine2,1906,1,540398,0,01282656
Spine3,1906,1,540395,0,0192858
Spine4,1906,1,540395,0,0192858
LeftShoulder,1906,-0,2133444,-0,08631392
LeftArm,1906,0,7515758,1,389625
LeftForeArm,1906,1,004376,0,2932519
LeftHand,1906,1,188023,0,3769686
LeftFinger1Metacarpal,1906,1,980189,-0,562144
LeftFinger1Proximal,1906,1,911996,-0,3891931
LeftFinger1Distal,1906,1,920976,-0,4126135
LeftFinger1Tip,1906,1,920978,-0,4126145
LeftFinger2Metacarpal,1906,-1,864167,0,2056827
LeftFinger2Proximal,1906,1,299797,0,3504528
LeftFinger2Medial,1906,1,312804,0,3504508
LeftFinger2Distal,1906,1,320979,0,3504482
LeftFinger2Tip,1906,1,320978,0,3504498
LeftFinger3Metacarpal,1906,1,188023,0,3769685
LeftFinger3Proximal,1906,1,167484,0,5418907
LeftFinger3Medial,1906,1,191927,0,54189
LeftFinger3Distal,1906,1,206197,0,5418897
LeftFinger3Tip,1906,1,206197,0,5418898
LeftFinger4Metacarpal,1906,1,104002,0,547763
LeftFinger4Proximal,1906,1,0432,0,7156992
LeftFinger4Medial,1906,1,083689,0,7156995
LeftFinger4Distal,1906,1,105189,0,7156994
LeftFinger4Tip,1906,1,105189,0,7156996
LeftFinger5Metacarpal,1906,1,024806,0,7176738
LeftFinger5Proximal,1906,-2,332434,1,381702
LeftFinger5Medial,1906,0,8250391,1,381703
LeftFinger5Distal,1906,-2,308169,1,381704
LeftFinger5Tip,1906,-2,308169,1,381705
Neck,1906,-1,054406,0,01420182
Head,1906,-1,274619,0,004481007
HeadTip,1906,-1,274619,0,004481007
RightShoulder,1906,0,1039972,0,08894295
RightArm,1906,-1,040891,-0,9026487
RightForeArm,1906,-1,38824,0,01994953
RightHand,1906,-1,560268,0,2475617
RightFinger1Metacarpal,1906,-2,301518,1,085485
RightFinger1Proximal,1906,0,8818448,0,9472464
RightFinger1Distal,1906,-2,253931,0,9302005
RightFinger1Tip,1906,-2,253932,0,9302002
RightFinger2Metacarpal,1906,1,494477,0,4217441
RightFinger2Proximal,1906,1,464799,0,281558
RightFinger2Medial,1906,-1,688505,0,2815601
RightFinger2Distal,1906,1,445642,0,2815622
RightFinger2Tip,1906,1,445642,0,2815617
RightFinger3Metacarpal,1906,-1,560268,0,2475619
RightFinger3Proximal,1906,1,640683,0,06497254
RightFinger3Medial,1906,-1,532856,0,06497337
RightFinger3Distal,1906,1,591525,0,06497451
RightFinger3Tip,1906,1,591525,0,06497452
RightFinger4Metacarpal,1906,-1,477485,0,07335499
RightFinger4Proximal,1906,1,768372,-0,1414105
RightFinger4Medial,1906,-1,428501,-0,1414107
RightFinger4Distal,1906,1,687748,-0,1414096
RightFinger4Tip,1906,1,687748,-0,1414095
RightFinger5Metacarpal,1906,-1,398366,-0,1008629
RightFinger5Proximal,1906,2,115178,-0,7299507
RightFinger5Medial,1906,-1,091541,-0,7299517
RightFinger5Distal,1906,2,022189,-0,7299516
RightFinger5Tip,1906,2,022189,-0,7299516
Hips,2230,0,0
LeftThigh,2230,0,7559762,1,501583
LeftShin,2230,0,706997,1,248993
LeftFoot,2230,-1,643378,0,1968351
LeftToe,2230,-1,643476,0,1968352
LeftToeTip,2230,-1,643476,0,1968352
RightThigh,2230,-0,7968949,-1,486138
RightShin,2230,-0,7826765,-1,318776
RightFoot,2230,-1,521953,-0,05924868
RightToe,2230,-1,522082,-0,0592486
RightToeTip,2230,-1,522082,-0,0592486
Spine1,2230,2,181448,-0,0071939
Spine2,2230,2,181447,-0,01469639
Spine3,2230,2,181452,-0,0225244
Spine4,2230,2,181452,-0,0225244
LeftShoulder,2230,-0,1171819,-0,0605629
LeftArm,2230,0,9211594,1,159559
LeftForeArm,2230,1,194243,0,06274533
LeftHand,2230,1,343601,0,05757786
LeftFinger1Metacarpal,2230,2,151147,-0,9423151
LeftFinger1Proximal,2230,2,069077,-0,6956069
LeftFinger1Distal,2230,2,071367,-0,7041284
LeftFinger1Tip,2230,2,071368,-0,7041296
LeftFinger2Metacarpal,2230,-1,716286,-0,1169575
LeftFinger2Proximal,2230,1,266833,-0,1674421
LeftFinger2Medial,2230,1,334353,-0,1674421
LeftFinger2Distal,2230,1,371165,-0,1674423
LeftFinger2Tip,2230,1,371164,-0,1674434
LeftFinger3Metacarpal,2230,1,343601,0,05757762
LeftFinger3Proximal,2230,1,393963,0,2908246
LeftFinger3Medial,2230,1,401701,0,2908236
LeftFinger3Distal,2230,1,406601,0,2908224
LeftFinger3Tip,2230,1,406601,0,2908225
LeftFinger4Metacarpal,2230,1,267161,0,2321045
LeftFinger4Proximal,2230,1,343005,0,4227625
LeftFinger4Medial,2230,1,344559,0,4227616
LeftFinger4Distal,2230,1,345367,0,422761
LeftFinger4Tip,2230,1,345367,0,4227607
LeftFinger5Metacarpal,2230,1,195246,0,406635
LeftFinger5Proximal,2230,-2,037574,0,9444946
LeftFinger5Medial,2230,1,104015,0,9444959
LeftFinger5Distal,2230,-2,037579,0,9444973
LeftFinger5Tip,2230,-2,037579,0,9444972
Neck,2230,-1,413348,-0,01888723
Head,2230,-1,261928,-0,02287161
HeadTip,2230,-1,261928,-0,02287161
RightShoulder,2230,0,1722512,0,05840876
RightArm,2230,-0,8564906,-1,291932
RightForeArm,2230,-1,13425,-0,3848328
RightHand,2230,-1,289446,-0,1880543
RightFinger1Metacarpal,2230,-2,053352,0,7131645
RightFinger1Proximal,2230,1,155154,0,5267808
RightFinger1Distal,2230,-1,961763,0,462063
RightFinger1Tip,2230,-1,961764,0,4620633
RightFinger2Metacarpal,2230,1,764175,-0,01455192
RightFinger2Proximal,2230,1,85988,-0,04825156
RightFinger2Medial,2230,-1,304767,-0,04825199
RightFinger2Distal,2230,1,822392,-0,04825139
RightFinger2Tip,2230,1,822392,-0,04825161
RightFinger3Metacarpal,2230,-1,289447,-0,188054
RightFinger3Proximal,2230,1,80897,-0,283144
RightFinger3Medial,2230,-1,368478,-0,2831427
RightFinger3Distal,2230,1,752336,-0,2831412
RightFinger3Tip,2230,1,752336,-0,2831413
RightFinger4Metacarpal,2230,-1,206752,-0,3614796
RightFinger4Proximal,2230,2,008882,-0,5706384
RightFinger4Medial,2230,-1,161182,-0,5706384
RightFinger4Distal,2230,1,964487,-0,5706376
RightFinger4Tip,2230,1,964487,-0,5706378
RightFinger5Metacarpal,2230,-1,128753,-0,5347506
RightFinger5Proximal,2230,2,32899,-1,158787
RightFinger5Medial,2230,-0,8364506,-1,158788
RightFinger5Distal,2230,2,291868,-1,158789
RightFinger5Tip,2230,2,291868,-1,158789
Hips,2525,0,0
LeftThigh,2525,0,7450796,1,484918
LeftShin,2525,0,6851978,1,221812
LeftFoot,2525,-1,663219,0,2402822
LeftToe,2525,-1,66326,0,2402824
LeftToeTip,2525,-1,66326,0,2402824
RightThigh,2525,-0,8034158,-1,477869
RightShin,2525,-0,7999509,-1,318945
RightFoot,2525,-1,536156,-0,01741448
RightToe,2525,-1,536345,-0,01741437
RightToeTip,2525,-1,536345,-0,01741437
Spine1,2525,2,719853,-0,02477083
Spine2,2525,2,719857,-0,04974935
Spine3,2525,2,719858,-0,074983
Spine4,2525,2,719858,-0,074983
LeftShoulder,2525,-0,01881759,-0,02830161
LeftArm,2525,1,091265,0,8144385
LeftForeArm,2525,1,435517,-0,1633272
LeftHand,2525,1,718814,-0,5335867
LeftFinger1Metacarpal,2525,2,455632,-1,173558
LeftFinger1Proximal,2525,2,370605,-0,917961
LeftFinger1Distal,2525,2,360679,-0,8872716
LeftFinger1Tip,2525,2,36068,-0,8872727
LeftFinger2Metacarpal,2525,-1,337768,-0,7051566
LeftFinger2Proximal,2525,1,816281,-0,505124
LeftFinger2Medial,2525,1,824509,-0,5051251
LeftFinger2Distal,2525,1,829949,-0,5051266
LeftFinger2Tip,2525,1,829947,-0,5051234
LeftFinger3Metacarpal,2525,1,718814,-0,5335868
LeftFinger3Proximal,2525,1,691745,-0,3807466
LeftFinger3Medial,2525,1,707272,-0,3807474
LeftFinger3Distal,2525,1,71644,-0,3807482
LeftFinger3Tip,2525,1,71644,-0,3807484
LeftFinger4Metacarpal,2525,1,63751,-0,361469
LeftFinger4Proximal,2525,1,586878,-0,2488612
LeftFinger4Medial,2525,1,615913,-0,2488613
LeftFinger4Distal,2525,1,63114,-0,2488615
LeftFinger4Tip,2525,1,63114,-0,2488616
LeftFinger5Metacarpal,2525,1,55952,-0,1890479
LeftFinger5Proximal,2525,-1,793392,0,3966489
LeftFinger5Medial,2525,1,35347,0,3966495
LeftFinger5Distal,2525,-1,785279,0,3966505
LeftFinger5Tip,2525,-1,785279,0,3966503
Neck,2525,-1,796741,-0,0279787
Head,2525,-1,485667,0,01350029
HeadTip,2525,-1,485667,0,01350029
RightShoulder,2525,0,2225031,0,02045204
RightArm,2525,-0,6955533,-1,328949
RightForeArm,2525,-0,9084374,-0,634522
RightHand,2525,-1,047494,-0,6121199
RightFinger1Metacarpal,2525,-1,822388,0,2696291
RightFinger1Proximal,2525,1,391046,0,1078472
RightFinger1Distal,2525,-1,724539,0,05555331
RightFinger1Tip,2525,-1,72454,0,05555336
RightFinger2Metacarpal,2525,2,001409,-0,4475595
RightFinger2Proximal,2525,2,061795,-0,5270108
RightFinger2Medial,2525,-1,103749,-0,5270113
RightFinger2Distal,2525,2,023728,-0,527011
RightFinger2Tip,2525,2,023728,-0,5270109
RightFinger3Metacarpal,2525,-1,047494,-0,6121198
RightFinger3Proximal,2525,2,087022,-0,7722793
RightFinger3Medial,2525,-1,081689,-0,7722792
RightFinger3Distal,2525,2,044017,-0,7722781
RightFinger3Tip,2525,2,044017,-0,7722785
RightFinger4Metacarpal,2525,-0,9607385,-0,7739667
RightFinger4Proximal,2525,2,283342,-0,9782166
RightFinger4Medial,2525,-0,8880084,-0,9782177
RightFinger4Distal,2525,2,236455,-0,9782182
RightFinger4Tip,2525,2,236455,-0,9782185
RightFinger5Metacarpal,2525,-0,8793489,-0,9308294
RightFinger5Proximal,2525,2,616809,-1,281605
RightFinger5Medial,2525,-0,5550159,-1,281607
RightFinger5Distal,2525,2,569792,-1,28161
RightFinger5Tip,2525,2,569792,-1,28161
Hips,2823,0,0
LeftThigh,2823,0,7790425,1,521867
LeftShin,2823,0,7540046,1,29184
LeftFoot,2823,-1,598638,0,09946657
LeftToe,2823,-1,598713,0,09946653
LeftToeTip,2823,-1,598713,0,09946653
RightThigh,2823,-0,771504,-1,498058
RightShin,2823,-0,7313736,-1,296828
RightFoot,2823,-1,47007,-0,1661281
RightToe,2823,-1,470221,-0,1661281
RightToeTip,2823,-1,470221,-0,1661281
Spine1,2823,1,616437,-0,01323956
Spine2,2823,1,616437,-0,02649563
Spine3,2823,1,616433,-0,03979814
Spine4,2823,1,616433,-0,03979814
LeftShoulder,2823,-0,158054,-0,05438904
LeftArm,2823,0,7139207,1,366954
LeftForeArm,2823,0,8780411,0,7106269
LeftHand,2823,1,09064,0,6539361
LeftFinger1Metacarpal,2823,1,837001,-0,3483238
LeftFinger1Proximal,2823,1,727163,-0,1076731
LeftFinger1Distal,2823,1,710726,-0,08091158
LeftFinger1Tip,2823,1,710728,-0,08091231
LeftFinger2Metacarpal,2823,-1,961806,0,4841214
LeftFinger2Proximal,2823,1,1714,0,6214145
LeftFinger2Medial,2823,1,178417,0,6214131
LeftFinger2Distal,2823,1,183023,0,621411
LeftFinger2Tip,2823,1,183021,0,6214116
LeftFinger3Metacarpal,2823,1,09064,0,6539358
LeftFinger3Proximal,2823,1,137753,0,8043573
LeftFinger3Medial,2823,1,143421,0,8043562
LeftFinger3Distal,2823,1,147039,0,804355
LeftFinger3Tip,2823,1,147039,0,8043556
LeftFinger4Metacarpal,2823,1,005653,0,8222932
LeftFinger4Proximal,2823,0,9905311,1,0166
LeftFinger4Medial,2823,0,992448,1,0166
LeftFinger4Distal,2823,0,9933817,1,0166
LeftFinger4Tip,2823,0,9933817,1,0166
LeftFinger5Metacarpal,2823,0,9244764,0,9878452
LeftFinger5Proximal,2823,-2,432866,1,458683
LeftFinger5Medial,2823,0,7104264,1,458684
LeftFinger5Distal,2823,-2,430121,1,458684
LeftFinger5Tip,2823,-2,430121,1,458685
Neck,2823,-1,447506,-0,006299848
Head,2823,-1,469276,0,02520876
HeadTip,2823,-1,469276,0,02520876
RightShoulder,2823,0,1740569,0,0504896
RightArm,2823,-0,7298406,-1,346241
RightForeArm,2823,-0,910922,-0,616842
RightHand,2823,-1,053958,-0,579291
RightFinger1Metacarpal,2823,-1,83336,0,3245234
RightFinger1Proximal,2823,1,388437,0,1357158
RightFinger1Distal,2823,-1,726421,0,08029439
RightFinger1Tip,2823,-1,726422,0,08029455
RightFinger2Metacarpal,2823,2,000794,-0,4122546
RightFinger2Proximal,2823,1,969237,-0,6773421
RightFinger2Medial,2823,-1,183855,-0,6773404
RightFinger2Distal,2823,1,950337,-0,6773383
RightFinger2Tip,2823,1,950337,-0,6773388
RightFinger3Metacarpal,2823,-1,053958,-0,5792909
RightFinger3Proximal,2823,2,122301,-0,7632762
RightFinger3Medial,2823,-1,062879,-0,7632762
RightFinger3Distal,2823,2,054821,-0,7632754
RightFinger3Tip,2823,2,054821,-0,7632756
RightFinger4Metacarpal,2823,-0,9728407,-0,7444231
RightFinger4Proximal,2823,2,277238,-0,9331044
RightFinger4Medial,2823,-0,9141633,-0,9331059
RightFinger4Distal,2823,2,201162,-0,9331063
RightFinger4Tip,2823,2,201162,-0,9331063
RightFinger5Metacarpal,2823,-0,8967437,-0,9060604
RightFinger5Proximal,2823,2,55935,-1,328805
RightFinger5Medial,2823,-0,6124911,-1,328809
RightFinger5Distal,2823,2,512887,-1,32881
RightFinger5Tip,2823,2,512887,-1,32881
Hips,3124,0,0
LeftThigh,3124,0,793704,1,511465
LeftShin,3124,0,784224,1,305546
LeftFoot,3124,-1,57246,0,03717062
LeftToe,3124,-1,572502,0,03717073
LeftToeTip,3124,-1,572502,0,03717073
RightThigh,3124,-0,7574922,-1,487215
RightShin,3124,-0,7013618,-1,264994
RightFoot,3124,-1,445357,-0,2296202
RightToe,3124,-1,445441,-0,22962
RightToeTip,3124,-1,445441,-0,22962
Spine1,3124,0,9570264,0,001962924
Spine2,3124,0,9570256,0,004466158
Spine3,3124,0,9570211,0,007515738
Spine4,3124,0,9570211,0,007515738
LeftShoulder,3124,-0,2236853,-0,07707555
LeftArm,3124,0,7349272,1,389424
LeftForeArm,3124,0,97637,0,5556713
LeftHand,3124,1,108505,0,4773798
LeftFinger1Metacarpal,3124,1,905615,-0,4314969
LeftFinger1Proximal,3124,1,783037,-0,1456326
LeftFinger1Distal,3124,1,759593,-0,09961589
LeftFinger1Tip,3124,1,759595,-0,09961691
LeftFinger2Metacarpal,3124,-1,941461,0,3098707
LeftFinger2Proximal,3124,1,088802,0,3297395
LeftFinger2Medial,3124,1,127647,0,3297397
LeftFinger2Distal,3124,1,150088,0,3297399
LeftFinger2Tip,3124,1,150087,0,3297383
LeftFinger3Metacarpal,3124,1,108505,0,4773797
LeftFinger3Proximal,3124,1,21911,0,6485835
LeftFinger3Medial,3124,1,23437,0,6485827
LeftFinger3Distal,3124,1,24428,0,6485818
LeftFinger3Tip,3124,1,24428,0,6485816
LeftFinger4Metacarpal,3124,1,02303,0,643505
LeftFinger4Proximal,3124,1,17511,0,7423862
LeftFinger4Medial,3124,1,183592,0,7423857
LeftFinger4Distal,3124,1,188955,0,7423852
LeftFinger4Tip,3124,1,188955,0,7423854
LeftFinger5Metacarpal,3124,0,9430584,0,8071594
LeftFinger5Proximal,3124,-2,195606,1,215152
LeftFinger5Medial,3124,0,945951,1,215153
LeftFinger5Distal,3124,-2,195642,1,215155
LeftFinger5Tip,3124,-2,195642,1,215155
Neck,3124,-0,893947,0,02438363
Head,3124,-1,283098,0,03955198
HeadTip,3124,-1,283098,0,03955198
RightShoulder,3124,0,05109666,0,08273461
RightArm,3124,-1,144851,-0,6843517
RightForeArm,3124,-1,5025,0,2343658
RightHand,3124,-1,603891,0,4477778
RightFinger1Metacarpal,3124,-2,396322,1,190357
RightFinger1Proximal,3124,0,8387342,0,9308404
RightFinger1Distal,3124,-2,272413,0,8410082
RightFinger1Tip,3124,-2,272414,0,8410082
RightFinger2Metacarpal,3124,1,451205,0,6196871
RightFinger2Proximal,3124,1,542424,0,3546461
RightFinger2Medial,3124,-1,612087,0,3546472
RightFinger2Distal,3124,1,521393,0,3546486
RightFinger2Tip,3124,1,521394,0,3546481
RightFinger3Metacarpal,3124,-1,603892,0,4477781
RightFinger3Proximal,3124,1,435273,0,3817657
RightFinger3Medial,3124,-1,742123,0,3817675
RightFinger3Distal,3124,1,377515,0,3817697
RightFinger3Tip,3124,1,377515,0,3817698
RightFinger4Metacarpal,3124,-1,523399,0,2754672
RightFinger4Proximal,3124,1,535776,0,2618754
RightFinger4Medial,3124,-1,635542,0,2618771
RightFinger4Distal,3124,1,488435,0,2618794
RightFinger4Tip,3124,1,488435,0,2618793
RightFinger5Metacarpal,3124,-1,448138,0,1029441
RightFinger5Proximal,3124,1,801875,-0,3728743
RightFinger5Medial,3124,-1,345589,-0,3728732
RightFinger5Distal,3124,1,792529,-0,3728717
RightFinger5Tip,3124,1,792529,-0,3728717
Hips,3404,0,0
LeftThigh,3404,0,7846128,1,521287
LeftShin,3404,0,7640858,1,298859
LeftFoot,3404,-1,592467,0,08181047
LeftToe,3404,-1,592464,0,08181038
LeftToeTip,3404,-1,592464,0,08181038
RightThigh,3404,-0,7682071,-1,495054
RightShin,3404,-0,7227928,-1,289356
RightFoot,3404,-1,46503,-0,1860882
RightToe,3404,-1,465145,-0,186088
RightToeTip,3404,-1,465145,-0,186088
Spine1,3404,1,377045,-0,002489115
Spine2,3404,1,377048,-0,004870562
Spine3,3404,1,377048,-0,007145448
Spine4,3404,1,377048,-0,007145448
LeftShoulder,3404,-0,183203,-0,06179358
LeftArm,3404,0,6590564,1,289158
LeftForeArm,3404,0,8450171,0,8746077
LeftHand,3404,1,101701,0,7913889
LeftFinger1Metacarpal,3404,1,801211,-0,275365
LeftFinger1Proximal,3404,1,70203,-0,08242643
LeftFinger1Distal,3404,1,678973,-0,05238983
LeftFinger1Tip,3404,1,678975,-0,05239044
LeftFinger2Metacarpal,3404,-1,94889,0,6191258
LeftFinger2Proximal,3404,1,146,0,8512568
LeftFinger2Medial,3404,1,145775,0,8512545
LeftFinger2Distal,3404,1,145632,0,8512524
LeftFinger2Tip,3404,1,14563,0,8512551
LeftFinger3Metacarpal,3404,1,101701,0,7913888
LeftFinger3Proximal,3404,1,050711,0,9133723
LeftFinger3Medial,3404,1,063947,0,9133719
LeftFinger3Distal,3404,1,071284,0,9133711
LeftFinger3Tip,3404,1,071284,0,9133716
LeftFinger4Metacarpal,3404,1,012853,0,9626651
LeftFinger4Proximal,3404,0,9660031,1,004619
LeftFinger4Medial,3404,0,9820404,1,00462
LeftFinger4Distal,3404,0,9905335,1,00462
LeftFinger4Tip,3404,0,9905333,1,00462
LeftFinger5Metacarpal,3404,0,9261277,1,13178
LeftFinger5Proximal,3404,-2,485721,1,406432
LeftFinger5Medial,3404,0,6641167,1,406431
LeftFinger5Distal,3404,-2,472965,1,406432
LeftFinger5Tip,3404,-2,472965,1,406432
Neck,3404,-1,225868,0,001623733
Head,3404,-1,365915,0,006998495
HeadTip,3404,-1,365915,0,006998495
RightShoulder,3404,0,1487436,0,05350831
RightArm,3404,-0,7975725,-1,415032
RightForeArm,3404,-1,037017,-0,6139274
RightHand,3404,-1,22846,-0,3809594
RightFinger1Metacarpal,3404,-1,966887,0,556812
RightFinger1Proximal,3404,1,272608,0,3054559
RightFinger1Distal,3404,-1,833338,0,2274606
RightFinger1Tip,3404,-1,833339,0,227461
RightFinger2Metacarpal,3404,1,825011,-0,2080586
RightFinger2Proximal,3404,1,870105,-0,2719238
RightFinger2Medial,3404,-1,290714,-0,2719234
RightFinger2Distal,3404,1,839153,-0,2719229
RightFinger2Tip,3404,1,839153,-0,271923
RightFinger3Metacarpal,3404,-1,22846,-0,3809591
RightFinger3Proximal,3404,1,901486,-0,4907873
RightFinger3Medial,3404,-1,264704,-0,4907858
RightFinger3Distal,3404,1,862733,-0,4907846
RightFinger3Tip,3404,1,862733,-0,4907847
RightFinger4Metacarpal,3404,-1,144588,-0,5536069
RightFinger4Proximal,3404,2,021096,-0,6921421
RightFinger4Medial,3404,-1,138084,-0,6921417
RightFinger4Distal,3404,1,993364,-0,6921415
RightFinger4Tip,3404,1,993364,-0,6921416
RightFinger5Metacarpal,3404,-1,064571,-0,7258007
RightFinger5Proximal,3404,2,320073,-1,33724
RightFinger5Medial,3404,-0,8312355,-1,337241
RightFinger5Distal,3404,2,30479,-1,337243
RightFinger5Tip,3404,2,30479,-1,337243
Hips,3688,0,0
LeftThigh,3688,0,7835808,1,518174
LeftShin,3688,0,7605903,1,300815
LeftFoot,3688,-1,595551,0,09106226
LeftToe,3688,-1,595577,0,09106237
LeftToeTip,3688,-1,595577,0,09106237
RightThigh,3688,-0,770569,-1,493055
RightShin,3688,-0,7275044,-1,296806
RightFoot,3688,-1,469619,-0,1771961
RightToe,3688,-1,469733,-0,1771961
RightToeTip,3688,-1,469733,-0,1771961
Spine1,3688,1,303707,-0,005790035
Spine2,3688,1,303734,-0,01152707
Spine3,3688,1,303755,-0,01722557
Spine4,3688,1,303755,-0,01722557
LeftShoulder,3688,-0,1610499,-0,03326709
LeftArm,3688,0,5138521,1,021596
LeftForeArm,3688,0,5326522,0,8129202
LeftHand,3688,0,7559981,1,206594
LeftFinger1Metacarpal,3688,1,532663,0,2741871
LeftFinger1Proximal,3688,1,412185,0,4103588
LeftFinger1Distal,3688,1,391286,0,421021
LeftFinger1Tip,3688,1,391288,0,4210207
LeftFinger2Metacarpal,3688,-2,280854,1,087054
LeftFinger2Proximal,3688,0,8549181,1,380524
LeftFinger2Medial,3688,0,8588978,1,380524
LeftFinger2Distal,3688,0,8614665,1,380522
LeftFinger2Tip,3688,0,8614649,1,380524
LeftFinger3Metacarpal,3688,0,7559984,1,206594
LeftFinger3Proximal,3688,0,745388,1,361408
LeftFinger3Medial,3688,0,7608775,1,361411
LeftFinger3Distal,3688,0,770128,1,361411
LeftFinger3Tip,3688,0,7701279,1,36141
LeftFinger4Metacarpal,3688,0,6568809,1,270207
LeftFinger4Proximal,3688,0,6379318,1,348305
LeftFinger4Medial,3688,0,6636384,1,348306
LeftFinger4Distal,3688,0,6775892,1,348306
LeftFinger4Tip,3688,0,6775891,1,348306
LeftFinger5Metacarpal,3688,0,5633461,1,243437
LeftFinger5Proximal,3688,-2,74945,0,8882884
LeftFinger5Medial,3688,0,405038,0,8882876
LeftFinger5Distal,3688,-2,729454,0,8882867
LeftFinger5Tip,3688,-2,729454,0,8882863
Neck,3688,-1,335897,-0,009882635
Head,3688,-1,406621,-0,005533782
HeadTip,3688,-1,406621,-0,005533782
RightShoulder,3688,0,169086,0,0152939
RightArm,3688,-0,5955875,-1,199606
RightForeArm,3688,-0,6926087,-0,7524081
RightHand,3688,-0,8430074,-0,8069175
RightFinger1Metacarpal,3688,-1,669986,-0,1102749
RightFinger1Proximal,3688,1,608461,-0,3351677
RightFinger1Distal,3688,-1,486558,-0,392102
RightFinger1Tip,3688,-1,486559,-0,3921018
RightFinger2Metacarpal,3688,2,188951,-0,6749185
RightFinger2Proximal,3688,2,168769,-0,9199277
RightFinger2Medial,3688,-0,9955176,-0,9199275
RightFinger2Distal,3688,2,132234,-0,9199266
RightFinger2Tip,3688,2,132234,-0,9199269
RightFinger3Metacarpal,3688,-0,8430082,-0,8069174
RightFinger3Proximal,3688,2,381355,-0,988084
RightFinger3Medial,3688,-0,8364075,-0,9880854
RightFinger3Distal,3688,2,266809,-0,988086
RightFinger3Tip,3688,2,266809,-0,9880859
RightFinger4Metacarpal,3688,-0,743295,-0,9232033
RightFinger4Proximal,3688,2,544624,-1,068617
RightFinger4Medial,3688,-0,6952106,-1,068619
RightFinger4Distal,3688,2,398672,-1,068621
RightFinger4Tip,3688,2,398672,-1,068621
RightFinger5Metacarpal,3688,-0,6526198,-1,013497
RightFinger5Proximal,3688,2,855608,-1,011639
RightFinger5Medial,3688,-0,3463315,-1,011641
RightFinger5Distal,3688,2,76207,-1,011644
RightFinger5Tip,3688,2,76207,-1,011644
