SensorName;FrameIndex;Theta;Phi
Hips;1;0;0
LeftThigh;1;0,7853978;1,570451
LeftShin;1;0,7853978;1,570451
LeftFoot;1;1,570794;1,559431E-06
LeftToe;1;1,570794;1,475138E-06
LeftToeTip;1;1,570794;1,475138E-06
RightThigh;1;-0,7853978;-1,570451
RightShin;1;-0,7853978;-1,570451
RightFoot;1;-1,570796;-8,42937E-07
RightToe;1;-1,570796;-8,42937E-07
RightToeTip;1;-1,570796;-8,42937E-07
Spine1;1;-1,570796;-1,355253E-20
Spine2;1;-1,570796;-1,355253E-20
Spine3;1;-1,570796;-1,355253E-20
Spine4;1;-1,570796;-1,355253E-20
LeftShoulder;1;-3,141593;1,509957E-07
LeftArm;1;-2,356195;1,570198
LeftForeArm;1;-2,356195;1,570308
LeftHand;1;-2,356195;1,570308
LeftFinger1Metacarpal;1;-1,701699;0,6590626
LeftFinger1Proximal;1;-1,963499;0,785405
LeftFinger1Distal;1;-1,963499;0,785405
LeftFinger1Tip;1;-1,963496;0,7854046
LeftFinger2Metacarpal;1;-2,268929;1,39626
LeftFinger2Proximal;1;-2,356194;1,570451
LeftFinger2Medial;1;-2,356194;1,570308
LeftFinger2Distal;1;-2,356194;1,570308
LeftFinger2Tip;1;-2,356196;1,570308
LeftFinger3Metacarpal;1;-2,356195;1,570308
LeftFinger3Proximal;1;-2,356195;1,570198
LeftFinger3Medial;1;-2,356195;1,570308
LeftFinger3Distal;1;-2,356195;1,570198
LeftFinger3Tip;1;-2,356195;1,570198
LeftFinger4Metacarpal;1;-2,443461;1,396265
LeftFinger4Proximal;1;-2,356194;1,570796
LeftFinger4Medial;1;-2,356194;1,570796
LeftFinger4Distal;1;-2,356194;NaN
LeftFinger4Tip;1;-2,356194;NaN
LeftFinger5Metacarpal;1;-2,530728;1,221732
LeftFinger5Proximal;1;-2,356196;1,570198
LeftFinger5Medial;1;-2,356194;1,570198
LeftFinger5Distal;1;-2,356194;1,570308
LeftFinger5Tip;1;-2,356194;1,570308
Neck;1;-1,570796;-1,355253E-20
Head;1;-1,570796;-1,355253E-20
HeadTip;1;-1,570796;-1,355253E-20
RightShoulder;1;-4,768372E-07;-1,819926E-06
RightArm;1;-0,7853981;-1,570451
RightForeArm;1;-0,7853974;-1,570796
RightHand;1;-0,7853974;-1,570451
RightFinger1Metacarpal;1;-1,439893;-0,6590614
RightFinger1Proximal;1;-1,178094;-0,7854015
RightFinger1Distal;1;-1,178094;-0,7854016
RightFinger1Tip;1;-1,178096;-0,7854015
RightFinger2Metacarpal;1;-0,8726643;-1,396265
RightFinger2Proximal;1;-0,7853965;-1,570796
RightFinger2Medial;1;-0,7853965;-1,570796
RightFinger2Distal;1;-0,7853965;-1,570796
RightFinger2Tip;1;-0,7853962;-1,570796
RightFinger3Metacarpal;1;-0,7853978;-1,570796
RightFinger3Proximal;1;-0,7853968;-1,570796
RightFinger3Medial;1;-0,7853968;-1,570796
RightFinger3Distal;1;-0,7853967;-1,570796
RightFinger3Tip;1;-0,7853967;NaN
RightFinger4Metacarpal;1;-0,6981313;-1,396262
RightFinger4Proximal;1;-0,7853967;-1,570451
RightFinger4Medial;1;-0,7853965;-1,570796
RightFinger4Distal;1;-0,7853965;-1,570796
RightFinger4Tip;1;-0,7853965;-1,570796
RightFinger5Metacarpal;1;-0,6108645;-1,22173
RightFinger5Proximal;1;-0,7853967;NaN
RightFinger5Medial;1;-0,7853966;NaN
RightFinger5Distal;1;-0,7853966;NaN
RightFinger5Tip;1;-0,7853966;NaN
Hips;185;0;0
LeftThigh;185;0,7922899;1,459804
LeftShin;185;0,7868028;1,303903
LeftFoot;185;-1,610129;0,02797454
LeftToe;185;-1,610035;0,02797475
LeftToeTip;185;-1,610035;0,02797475
RightThigh;185;-0,7699516;-1,471207
RightShin;185;-0,730603;-1,280712
RightFoot;185;-1,487691;-0,162679
RightToe;185;-1,487696;-0,1626788
RightToeTip;185;-1,487696;-0,1626788
Spine1;185;-0,7840961;-0,007449261
Spine2;185;-0,784098;-0,01500083
Spine3;185;-0,7840928;-0,02267433
Spine4;185;-0,7840928;-0,02267433
LeftShoulder;185;-0,1132859;0,03407934
LeftArm;185;0,8419858;1,414106
LeftForeArm;185;0,7892474;1,559748
LeftHand;185;0,7372324;1,326247
LeftFinger1Metacarpal;185;1,352049;0,2739958
LeftFinger1Proximal;185;1,462513;0,2729027
LeftFinger1Distal;185;1,491665;0,2040718
LeftFinger1Tip;185;1,491665;0,2040718
LeftFinger2Metacarpal;185;-2,399209;1,162866
LeftFinger2Proximal;185;0,8188621;1,461737
LeftFinger2Medial;185;0,8321559;1,461735
LeftFinger2Distal;185;0,8427944;1,461735
LeftFinger2Tip;185;0,8427925;1,461739
LeftFinger3Metacarpal;185;0,7372324;1,326247
LeftFinger3Proximal;185;0,806808;1,523378
LeftFinger3Medial;185;0,8127677;1,523376
LeftFinger3Distal;185;0,818194;1,523368
LeftFinger3Tip;185;0,8181941;1,523372
LeftFinger4Metacarpal;185;0,7321832;1,452971
LeftFinger4Proximal;185;0,8012105;1,47956
LeftFinger4Medial;185;0,7884305;1,479563
LeftFinger4Distal;185;0,7773855;1,479561
LeftFinger4Tip;185;0,7773857;1,47956
LeftFinger5Metacarpal;185;0,7271597;1,40156
LeftFinger5Proximal;185;-2,335402;1,349324
LeftFinger5Medial;185;0,7838319;1,349322
LeftFinger5Distal;185;-2,374946;1,349321
LeftFinger5Tip;185;-2,374946;1,349321
Neck;185;-1,064846;-0,07755276
Head;185;-1,104086;-0,1377096
HeadTip;185;-1,104086;-0,1377096
RightShoulder;185;0,1279733;-0,02675486
RightArm;185;-0,7061359;-1,382969
RightForeArm;185;-0,6612909;-1,322564
RightHand;185;-0,7240257;-1,42728
RightFinger1Metacarpal;185;-1,301742;-0,3792225
RightFinger1Proximal;185;1,771496;-0,4285435
RightFinger1Distal;185;-1,37969;-0,4208261
RightFinger1Tip;185;-1,37969;-0,4208261
RightFinger2Metacarpal;185;2,409512;-1,300477
RightFinger2Proximal;185;2,343524;-1,470703
RightFinger2Medial;185;-0,8602731;-1,470704
RightFinger2Distal;185;1,955025;-1,470703
RightFinger2Tip;185;1,955025;-1,470703
RightFinger3Metacarpal;185;-0,7240258;-1,427278
RightFinger3Proximal;185;2,353407;-1,487165
RightFinger3Medial;185;-0,8734859;-1,48716
RightFinger3Distal;185;-0,5059381;-1,487167
RightFinger3Tip;185;-0,5059372;-1,487162
RightFinger4Metacarpal;185;-0,716033;-1,40136
RightFinger4Proximal;185;2,417516;-1,380842
RightFinger4Medial;185;-0,8318271;-1,380841
RightFinger4Distal;185;-0,498804;-1,380841
RightFinger4Tip;185;-0,4988037;-1,380841
RightFinger5Metacarpal;185;-0,707979;-1,258699
RightFinger5Proximal;185;2,42549;-1,444229
RightFinger5Medial;185;-0,6976714;-1,444233
RightFinger5Distal;185;2,497555;-1,444235
RightFinger5Tip;185;2,497555;-1,444235
Hips;488;0;0
LeftThigh;488;0,7352648;1,30311
LeftShin;488;0,6555254;1,215961
LeftFoot;488;-1,641404;0,3099389
LeftToe;488;-1,642354;0,3099391
LeftToeTip;488;-1,642354;0,3099391
RightThigh;488;-0,7361344;-1,442977
RightShin;488;-0,7309099;-1,199357
RightFoot;488;-1,482058;-0,1249986
RightToe;488;-1,467688;-0,1249989
RightToeTip;488;-1,467688;-0,1249989
Spine1;488;-1,137539;0,004348397
Spine2;488;-1,137537;0,008183759
Spine3;488;-1,137538;0,01150788
Spine4;488;-1,137538;0,01150788
LeftShoulder;488;-0,1219082;0,09697652
LeftArm;488;0,7834281;1,452075
LeftForeArm;488;0,7041576;1,407302
LeftHand;488;0,652292;1,238291
LeftFinger1Metacarpal;488;1,271079;0,4021289
LeftFinger1Proximal;488;1,36621;0,4452565
LeftFinger1Distal;488;1,391328;0,3779566
LeftFinger1Tip;488;1,391328;0,3779569
LeftFinger2Metacarpal;488;-2,480091;1,124083
LeftFinger2Proximal;488;0,7316034;1,417807
LeftFinger2Medial;488;0,7422902;1,417806
LeftFinger2Distal;488;0,7506524;1,417807
LeftFinger2Tip;488;0,7506506;1,417808
LeftFinger3Metacarpal;488;0,652292;1,238292
LeftFinger3Proximal;488;0,7181731;1,432557
LeftFinger3Medial;488;0,7211807;1,432556
LeftFinger3Distal;488;0,7238233;1,43256
LeftFinger3Tip;488;0,7238232;1,43256
LeftFinger4Metacarpal;488;0,6432676;1,286507
LeftFinger4Proximal;488;0,709278;1,409254
LeftFinger4Medial;488;0,6941631;1,409255
LeftFinger4Distal;488;0,6814631;1,409258
LeftFinger4Tip;488;0,6814631;1,409258
LeftFinger5Metacarpal;488;0,6342914;1,238606
LeftFinger5Proximal;488;-2,430247;1,328027
LeftFinger5Medial;488;0,6868559;1,328025
LeftFinger5Distal;488;-2,473196;1,328023
LeftFinger5Tip;488;-2,473196;1,328023
Neck;488;-1,426986;0,02977057
Head;488;-1,524993;0,0493541
HeadTip;488;-1,524993;0,0493541
RightShoulder;488;0,04213098;-0,1025556
RightArm;488;-0,8345391;-1,367374
RightForeArm;488;-0,7671483;-1,490115
RightHand;488;-0,7346115;-1,45809
RightFinger1Metacarpal;488;-1,302033;-0,399207
RightFinger1Proximal;488;1,768382;-0,4317594
RightFinger1Distal;488;-1,382727;-0,4220914
RightFinger1Tip;488;-1,382726;-0,422091
RightFinger2Metacarpal;488;2,399618;-1,331385
RightFinger2Proximal;488;2,342181;-1,503319
RightFinger2Medial;488;-0,8442488;-1,503313
RightFinger2Distal;488;1,997022;-1,503313
RightFinger2Tip;488;1,997022;-1,503312
RightFinger3Metacarpal;488;-0,7346117;-1,45809
RightFinger3Proximal;488;2,353855;-1,519085
RightFinger3Medial;488;-0,8381943;-1,519086
RightFinger3Distal;488;-0,5777209;-1,519082
RightFinger3Tip;488;-0,5777199;-1,519078
RightFinger4Metacarpal;488;-0,7272869;-1,40113
RightFinger4Proximal;488;2,414455;-1,426463
RightFinger4Medial;488;-0,7752846;-1,426466
RightFinger4Distal;488;-0,6109793;-1,426465
RightFinger4Tip;488;-0,6109795;-1,426463
RightFinger5Metacarpal;488;-0,7198871;-1,245884
RightFinger5Proximal;488;2,416917;-1,449549
RightFinger5Medial;488;-0,6784792;-1,44955
RightFinger5Distal;488;2,585188;-1,449552
RightFinger5Tip;488;2,585188;-1,449552
Hips;807;0;0
LeftThigh;807;0,7562138;1,397175
LeftShin;807;0,7233494;1,25458
LeftFoot;807;-1,735361;0,1786187
LeftToe;807;-1,745737;0,1786181
LeftToeTip;807;-1,745737;0,1786181
RightThigh;807;-0,7551308;-1,429355
RightShin;807;-0,6961589;-1,298422
RightFoot;807;-1,491755;-0,2357876
RightToe;807;-1,491378;-0,2357874
RightToeTip;807;-1,491378;-0,2357874
Spine1;807;-1,643673;-0,003995895
Spine2;807;-1,643676;-0,007923584
Spine3;807;-1,643675;-0,01178847
Spine4;807;-1,643675;-0,01178847
LeftShoulder;807;-0,0843785;0,0885785
LeftArm;807;0,8522553;1,38266
LeftForeArm;807;0,766606;1,528913
LeftHand;807;0,6685777;1,264322
LeftFinger1Metacarpal;807;1,275137;0,3638414
LeftFinger1Proximal;807;1,405486;0,3969808
LeftFinger1Distal;807;1,439389;0,3302433
LeftFinger1Tip;807;1,439389;0,3302433
LeftFinger2Metacarpal;807;-2,471514;1,133754
LeftFinger2Proximal;807;0,7522619;1,460421
LeftFinger2Medial;807;0,7613814;1,460423
LeftFinger2Distal;807;0,7688008;1,460419
LeftFinger2Tip;807;0,7687988;1,460419
LeftFinger3Metacarpal;807;0,6685777;1,264322
LeftFinger3Proximal;807;0,7401383;1,480609
LeftFinger3Medial;807;0,7398716;1,480609
LeftFinger3Distal;807;0,7396267;1,480609
LeftFinger3Tip;807;0,7396269;1,480607
LeftFinger4Metacarpal;807;0,667102;1,332869
LeftFinger4Proximal;807;0,7381214;1,444247
LeftFinger4Medial;807;0,7185426;1,444246
LeftFinger4Distal;807;0,7012081;1,444248
LeftFinger4Tip;807;0,7012079;1,444247
LeftFinger5Metacarpal;807;0,6656308;1,289607
LeftFinger5Proximal;807;-2,394645;1,342358
LeftFinger5Medial;807;0,7181348;1,342356
LeftFinger5Distal;807;-2,446264;1,342356
LeftFinger5Tip;807;-2,446264;1,342355
Neck;807;-1,96064;0,06826403
Head;807;-2,056365;0,152898
HeadTip;807;-2,056365;0,152898
RightShoulder;807;0,08798513;-0,09765732
RightArm;807;-0,7815671;-1,394196
RightForeArm;807;-0,7249377;-1,447385
RightHand;807;-0,718155;-1,406086
RightFinger1Metacarpal;807;-1,298347;-0,3986251
RightFinger1Proximal;807;1,782223;-0,4471462
RightFinger1Distal;807;-1,367351;-0,4397398
RightFinger1Tip;807;-1,367351;-0,4397394
RightFinger2Metacarpal;807;2,413644;-1,278382
RightFinger2Proximal;807;2,350479;-1,453677
RightFinger2Medial;807;-0,850992;-1,453679
RightFinger2Distal;807;2,10236;-1,453677
RightFinger2Tip;807;2,10236;-1,453678
RightFinger3Metacarpal;807;-0,7181551;-1,406085
RightFinger3Proximal;807;2,357774;-1,470236
RightFinger3Medial;807;-0,8568714;-1,470237
RightFinger3Distal;807;0,4518172;-1,470234
RightFinger3Tip;807;0,4518235;-1,470235
RightFinger4Metacarpal;807;-0,7084576;-1,399747
RightFinger4Proximal;807;2,411544;-1,397875
RightFinger4Medial;807;-0,8047829;-1,397875
RightFinger4Distal;807;-0,161798;-1,397874
RightFinger4Tip;807;-0,1617961;-1,397873
RightFinger5Metacarpal;807;-0,6987084;-1,267668
RightFinger5Proximal;807;2,41924;-1,453615
RightFinger5Medial;807;-0,7004958;-1,453618
RightFinger5Distal;807;2,483038;-1,453616
RightFinger5Tip;807;2,483038;-1,453616
Hips;1149;0;0
LeftThigh;1149;0,7654141;1,447561
LeftShin;1149;0,7212885;1,260404
LeftFoot;1149;-1,658993;0,180145
LeftToe;1149;-1,659016;0,1801452
LeftToeTip;1149;-1,659016;0,1801452
RightThigh;1149;-0,7310036;-1,389257
RightShin;1149;-0,6361249;-1,159589
RightFoot;1149;-1,484894;-0,3599644
RightToe;1149;-1,486718;-0,3599644
RightToeTip;1149;-1,486718;-0,3599644
Spine1;1149;-1,263381;0,003634148
Spine2;1149;-1,263377;0,006677232
Spine3;1149;-1,263375;0,009125954
Spine4;1149;-1,263375;0,009125954
LeftShoulder;1149;-0,1105338;0,1264494
LeftArm;1149;0,8235517;1,426233
LeftForeArm;1149;0,722488;1,415126
LeftHand;1149;0,6165054;1,21189
LeftFinger1Metacarpal;1149;1,221767;0,4957352
LeftFinger1Proximal;1149;1,328228;0,5242519
LeftFinger1Distal;1149;1,358023;0,439965
LeftFinger1Tip;1149;1,358023;0,4399653
LeftFinger2Metacarpal;1149;-2,515928;1,136136
LeftFinger2Proximal;1149;0,6820359;1,354247
LeftFinger2Medial;1149;0,6863419;1,354245
LeftFinger2Distal;1149;0,689738;1,354246
LeftFinger2Tip;1149;0,6897361;1,354245
LeftFinger3Metacarpal;1149;0,6165055;1,21189
LeftFinger3Proximal;1149;0,668952;1,3409
LeftFinger3Medial;1149;0,6634154;1,340901
LeftFinger3Distal;1149;0,6585754;1,3409
LeftFinger3Tip;1149;0,6585753;1,3409
LeftFinger4Metacarpal;1149;0,6074772;1,214226
LeftFinger4Proximal;1149;0,6602829;1,307747
LeftFinger4Medial;1149;0,6383253;1,307747
LeftFinger4Distal;1149;0,620216;1,307748
LeftFinger4Tip;1149;0,6202161;1,307748
LeftFinger5Metacarpal;1149;0,598444;1,141946
LeftFinger5Proximal;1149;-2,480782;1,257224
LeftFinger5Medial;1149;0,6344733;1,257223
LeftFinger5Distal;1149;-2,527108;1,257222
LeftFinger5Tip;1149;-2,527108;1,257222
Neck;1149;-1,479704;0,0433749
Head;1149;-1,606496;0,0786512
HeadTip;1149;-1,606496;0,0786512
RightShoulder;1149;0,01612636;-0,1327659
RightArm;1149;-0,8144348;-1,366143
RightForeArm;1149;-0,7255188;-1,429913
RightHand;1149;-0,7059546;-1,402789
RightFinger1Metacarpal;1149;-1,268973;-0,4633058
RightFinger1Proximal;1149;1,792593;-0,4889158
RightFinger1Distal;1149;-1,360743;-0,4745223
RightFinger1Tip;1149;-1,360742;-0,4745222
RightFinger2Metacarpal;1149;2,430285;-1,298229
RightFinger2Proximal;1149;2,389634;-1,474387
RightFinger2Medial;1149;-0,763855;-1,474393
RightFinger2Distal;1149;2,36525;-1,474387
RightFinger2Tip;1149;2,36525;-1,474392
RightFinger3Metacarpal;1149;-0,7059548;-1,40279
RightFinger3Proximal;1149;2,390096;-1,50725
RightFinger3Medial;1149;-0,7439162;-1,507257
RightFinger3Distal;1149;2,410903;-1,507256
RightFinger3Tip;1149;2,410903;-1,507259
RightFinger4Metacarpal;1149;-0,7006328;-1,364518
RightFinger4Proximal;1149;2,425533;-1,440832
RightFinger4Medial;1149;-0,7029646;-1,440835
RightFinger4Distal;1149;2,460284;-1,440838
RightFinger4Tip;1149;2,460284;-1,440837
RightFinger5Metacarpal;1149;-0,6952596;-1,228362
RightFinger5Proximal;1149;2,425231;-1,39239
RightFinger5Medial;1149;-0,6782187;-1,392393
RightFinger5Distal;1149;2,503742;-1,392396
RightFinger5Tip;1149;2,503742;-1,392396
Hips;1484;0;0
LeftThigh;1484;0,8095421;1,393522
LeftShin;1484;0,8463694;1,314866
LeftFoot;1484;-1,540977;-0,1402806
LeftToe;1484;-1,540558;-0,1402808
LeftToeTip;1484;-1,540558;-0,1402808
RightThigh;1484;-0,7314896;-1,456216
RightShin;1484;-0,6531251;-1,201073
RightFoot;1484;-1,400631;-0,3240988
RightToe;1484;-1,400737;-0,3240989
RightToeTip;1484;-1,400737;-0,3240989
Spine1;1484;0,4575809;0,005437181
Spine2;1484;0,4575772;0,01095423
Spine3;1484;0,4575739;0,01656645
Spine4;1484;0,4575739;0,01656645
LeftShoulder;1484;-0,180262;-0,01904697
LeftArm;1484;0,7223954;1,43978
LeftForeArm;1484;0,6373629;1,270011
LeftHand;1484;0,6308946;1,159627
LeftFinger1Metacarpal;1484;1,266549;0,354256
LeftFinger1Proximal;1484;1,367006;0,4443783
LeftFinger1Distal;1484;1,393484;0,3859868
LeftFinger1Tip;1484;1,393483;0,3859869
LeftFinger2Metacarpal;1484;-2,504159;1,038255
LeftFinger2Proximal;1484;0,724093;1,337477
LeftFinger2Medial;1484;0,7450367;1,337476
LeftFinger2Distal;1484;0,7616361;1,337476
LeftFinger2Tip;1484;0,7616343;1,337478
LeftFinger3Metacarpal;1484;0,6308946;1,159626
LeftFinger3Proximal;1484;0,7094469;1,373458
LeftFinger3Medial;1484;0,7275767;1,373458
LeftFinger3Distal;1484;0,7436587;1,373457
LeftFinger3Tip;1484;0,7436588;1,373457
LeftFinger4Metacarpal;1484;0,6245257;1,234348
LeftFinger4Proximal;1484;0,7034366;1,409463
LeftFinger4Medial;1484;0,7014042;1,409468
LeftFinger4Distal;1484;0,6996956;1,409466
LeftFinger4Tip;1484;0,6996957;1,409466
LeftFinger5Metacarpal;1484;0,6182278;1,230132
LeftFinger5Proximal;1484;-2,435461;1,398761
LeftFinger5Medial;1484;0,6936579;1,398759
LeftFinger5Distal;1484;-2,457449;1,398759
LeftFinger5Tip;1484;-2,457449;1,398758
Neck;1484;-0,6208447;-0,06750591
Head;1484;-0,9296546;-0,1524028
HeadTip;1484;-0,9296546;-0,1524028
RightShoulder;1484;0,1007772;0,01627605
RightArm;1484;-0,8290083;-1,480049
RightForeArm;1484;-0,8026332;-1,403878
RightHand;1484;-0,824793;-1,25326
RightFinger1Metacarpal;1484;-1,45551;-0,08330547
RightFinger1Proximal;1484;1,634524;-0,1402832
RightFinger1Distal;1484;-1,514199;-0,1362668
RightFinger1Tip;1484;-1,514198;-0,1362666
RightFinger2Metacarpal;1484;2,306642;-1,079833
RightFinger2Proximal;1484;2,188701;-1,216519
RightFinger2Medial;1484;-1,076739;-1,216517
RightFinger2Distal;1484;1,822138;-1,216518
RightFinger2Tip;1484;1,822138;-1,216517
RightFinger3Metacarpal;1484;-0,8247933;-1,25326
RightFinger3Proximal;1484;2,182094;-1,239227
RightFinger3Medial;1484;-1,216385;-1,239226
RightFinger3Distal;1484;0,05647645;-1,239225
RightFinger3Tip;1484;0,05647863;-1,239225
RightFinger4Metacarpal;1484;-0,8149022;-1,424164
RightFinger4Proximal;1484;2,241515;-1,288589
RightFinger4Medial;1484;-1,206802;-1,288589
RightFinger4Distal;1484;-0,1315341;-1,288587
RightFinger4Tip;1484;-0,1315334;-1,288586
RightFinger5Metacarpal;1484;-0,8051215;-1,515519
RightFinger5Proximal;1484;2,262996;-1,383035
RightFinger5Medial;1484;-0,944784;-1,383035
RightFinger5Distal;1484;2,042475;-1,383032
RightFinger5Tip;1484;2,042475;-1,383032
Hips;1770;0;0
LeftThigh;1770;0,7747867;1,469535
LeftShin;1770;0,7625863;1,309865
LeftFoot;1770;-1,588336;0,05385549
LeftToe;1770;-1,588383;0,0538555
LeftToeTip;1770;-1,588383;0,0538555
RightThigh;1770;-0,739884;-1,465693
RightShin;1770;-0,6733776;-1,218405
RightFoot;1770;-1,400171;-0,2795643
RightToe;1770;-1,399917;-0,2795641
RightToeTip;1770;-1,399917;-0,2795641
Spine1;1770;-0,2240477;0,01361363
Spine2;1770;-0,2240519;0,02713486
Spine3;1770;-0,2240514;0,04059452
Spine4;1770;-0,2240514;0,04059452
LeftShoulder;1770;-0,2133666;0,01033439
LeftArm;1770;0,6886472;1,367292
LeftForeArm;1770;0,9934751;0,3714156
LeftHand;1770;1,14988;0,6161348
LeftFinger1Metacarpal;1770;1,887016;-0,3375275
LeftFinger1Proximal;1770;1,813147;-0,1734898
LeftFinger1Distal;1770;1,817186;-0,1820105
LeftFinger1Tip;1770;1,817187;-0,1820114
LeftFinger2Metacarpal;1770;-1,887847;0,4487923
LeftFinger2Proximal;1770;1,253548;0,3802711
LeftFinger2Medial;1770;1,256726;0,3802705
LeftFinger2Distal;1770;1,258686;0,3802702
LeftFinger2Tip;1770;1,258685;0,380269
LeftFinger3Metacarpal;1770;1,14988;0,6161349
LeftFinger3Proximal;1770;0,9992039;0,640485
LeftFinger3Medial;1770;1,039717;0,6404853
LeftFinger3Distal;1770;1,060653;0,6404861
LeftFinger3Tip;1770;1,060653;0,6404859
LeftFinger4Metacarpal;1770;1,049838;0,7814735
LeftFinger4Proximal;1770;0,8197606;0,9818419
LeftFinger4Medial;1770;0,8478957;0,9818429
LeftFinger4Distal;1770;0,8637174;0,9818432
LeftFinger4Tip;1770;0,8637173;0,9818434
LeftFinger5Metacarpal;1770;0,9538614;0,9430788
LeftFinger5Proximal;1770;-2,561996;1,346529
LeftFinger5Medial;1770;0,6014529;1,346528
LeftFinger5Distal;1770;-2,528188;1,346529
LeftFinger5Tip;1770;-2,528188;1,346528
Neck;1770;-1,031772;-0,007397595
Head;1770;-1,236791;-0,05566666
HeadTip;1770;-1,236791;-0,05566666
RightShoulder;1770;-0,01918282;-0,01379247
RightArm;1770;-1,191713;-0,6286054
RightForeArm;1770;-1,556414;0,3506495
RightHand;1770;-1,635272;0,64529
RightFinger1Metacarpal;1770;-2,48927;1,115681
RightFinger1Proximal;1770;0,6871961;1,074118
RightFinger1Distal;1770;-2,479907;1,10996
RightFinger1Tip;1770;-2,479908;1,10996
RightFinger2Metacarpal;1770;1,407198;0,8164141
RightFinger2Proximal;1770;1,415144;0,933517
RightFinger2Medial;1770;-1,757209;0,9335181
RightFinger2Distal;1770;1,36563;0,9335191
RightFinger2Tip;1770;1,36563;0,933519
RightFinger3Metacarpal;1770;-1,635273;0,6452902
RightFinger3Proximal;1770;1,678544;0,4507859
RightFinger3Medial;1770;-1,53219;0,4507862
RightFinger3Distal;1770;1,570984;0,4507869
RightFinger3Tip;1770;1,570984;0,450787
RightFinger4Metacarpal;1770;-1,546017;0,4733784
RightFinger4Proximal;1770;1,749846;0,1921975
RightFinger4Medial;1770;-1,438134;0,1921979
RightFinger4Distal;1770;1,676674;0,1921987
RightFinger4Tip;1770;1,676674;0,1921987
RightFinger5Metacarpal;1770;-1,465281;0,301033
RightFinger5Proximal;1770;2,009414;-0,3197295
RightFinger5Medial;1770;-1,17895;-0,3197296
RightFinger5Distal;1770;1,936238;-0,3197294
RightFinger5Tip;1770;1,936238;-0,3197294
Hips;2080;0;0
LeftThigh;2080;0,7796942;1,522276
LeftShin;2080;0,7575584;1,295188
LeftFoot;2080;-1,602311;0,0915702
LeftToe;2080;-1,602416;0,09157031
LeftToeTip;2080;-1,602416;0,09157031
RightThigh;2080;-0,7764854;-1,497274
RightShin;2080;-0,7352746;-1,289118
RightFoot;2080;-1,477847;-0,1675373
RightToe;2080;-1,477908;-0,167537
RightToeTip;2080;-1,477908;-0,167537
Spine1;2080;1,538762;0,006428182
Spine2;2080;1,538764;0,01288134
Spine3;2080;1,538761;0,01937027
Spine4;2080;1,538761;0,01937027
LeftShoulder;2080;-0,2136111;-0,08643803
LeftArm;2080;0,7513871;1,389846
LeftForeArm;2080;1,002581;0,293239
LeftHand;2080;1,184775;0,3743454
LeftFinger1Metacarpal;2080;1,980541;-0,5621993
LeftFinger1Proximal;2080;1,91138;-0,3875089
LeftFinger1Distal;2080;1,920237;-0,4105568
LeftFinger1Tip;2080;1,920239;-0,4105578
LeftFinger2Metacarpal;2080;-1,867512;0,2031703
LeftFinger2Proximal;2080;1,294394;0,3391653
LeftFinger2Medial;2080;1,308226;0,3391634
LeftFinger2Distal;2080;1,316884;0,3391612
LeftFinger2Tip;2080;1,316882;0,3391626
LeftFinger3Metacarpal;2080;1,184776;0,3743453
LeftFinger3Proximal;2080;1,172881;0,5384297
LeftFinger3Medial;2080;1,196375;0,5384291
LeftFinger3Distal;2080;1,210178;0,5384285
LeftFinger3Tip;2080;1,210178;0,5384287
LeftFinger4Metacarpal;2080;1,100959;0,5450168
LeftFinger4Proximal;2080;1,050873;0,7186758
LeftFinger4Medial;2080;1,087575;0,7186762
LeftFinger4Distal;2080;1,107445;0,7186763
LeftFinger4Tip;2080;1,107445;0,7186761
LeftFinger5Metacarpal;2080;1,02205;0,7147827
LeftFinger5Proximal;2080;-2,322419;1,375419
LeftFinger5Medial;2080;0,8335246;1,375419
LeftFinger5Distal;2080;-2,3004;1,37542
LeftFinger5Tip;2080;-2,3004;1,375421
Neck;2080;-1,052346;0,01417361
Head;2080;-1,27385;0,004325761
HeadTip;2080;-1,27385;0,004325761
RightShoulder;2080;0,1037735;0,0890751
RightArm;2080;-1,041862;-0,9008073
RightForeArm;2080;-1,389173;0,02217555
RightHand;2080;-1,559814;0,2491945
RightFinger1Metacarpal;2080;-2,302496;1,086394
RightFinger1Proximal;2080;0,8808899;0,9487571
RightFinger1Distal;2080;-2,254937;0,9319627
RightFinger1Tip;2080;-2,254938;0,9319629
RightFinger2Metacarpal;2080;1,494888;0,4233749
RightFinger2Proximal;2080;1,46543;0,2825533
RightFinger2Medial;2080;-1,687487;0,282555
RightFinger2Distal;2080;1,446899;0,2825571
RightFinger2Tip;2080;1,4469;0,2825567
RightFinger3Metacarpal;2080;-1,559815;0,249195
RightFinger3Proximal;2080;1,637916;0,06869279
RightFinger3Medial;2080;-1,535481;0,06869363
RightFinger3Distal;2080;1,588894;0,0686947
RightFinger3Tip;2080;1,588894;0,06869476
RightFinger4Metacarpal;2080;-1,47703;0,07498986
RightFinger4Proximal;2080;1,761577;-0,1351165
RightFinger4Medial;2080;-1,433577;-0,1351167
RightFinger4Distal;2080;1,683185;-0,1351156
RightFinger4Tip;2080;1,683185;-0,1351156
RightFinger5Metacarpal;2080;-1,397946;-0,09922654
RightFinger5Proximal;2080;2,106967;-0,7308457
RightFinger5Medial;2080;-1,096091;-0,7308465
RightFinger5Distal;2080;2,018945;-0,7308466
RightFinger5Tip;2080;2,018945;-0,7308466
Hips;2390;0;0
LeftThigh;2390;0,7561704;1,501874
LeftShin;2390;0,7073995;1,249451
LeftFoot;2390;-1,643009;0,1960293
LeftToe;2390;-1,643107;0,1960295
LeftToeTip;2390;-1,643107;0,1960295
RightThigh;2390;-0,7967409;-1,486311
RightShin;2390;-0,7823223;-1,318735
RightFoot;2390;-1,521629;-0,06004767
RightToe;2390;-1,521757;-0,06004757
RightToeTip;2390;-1,521757;-0,06004757
Spine1;2390;2,179285;-0,007122342
Spine2;2390;2,179283;-0,01455309
Spine3;2390;2,179289;-0,02230836
Spine4;2390;2,179289;-0,02230836
LeftShoulder;2390;-0,1176157;-0,06064462
LeftArm;2390;0,9204299;1,160896
LeftForeArm;2390;1,195071;0,06288102
LeftHand;2390;1,346958;0,05719771
LeftFinger1Metacarpal;2390;2,150929;-0,9387211
LeftFinger1Proximal;2390;2,069999;-0,6953396
LeftFinger1Distal;2390;2,072588;-0,7047594
LeftFinger1Tip;2390;2,072589;-0,7047604
LeftFinger2Metacarpal;2390;-1,712697;-0,1173374
LeftFinger2Proximal;2390;1,271315;-0,1706615
LeftFinger2Medial;2390;1,341508;-0,1706613
LeftFinger2Distal;2390;1,379405;-0,1706613
LeftFinger2Tip;2390;1,379403;-0,1706625
LeftFinger3Metacarpal;2390;1,346958;0,05719763
LeftFinger3Proximal;2390;1,383599;0,3042807
LeftFinger3Medial;2390;1,391157;0,3042793
LeftFinger3Distal;2390;1,395947;0,3042784
LeftFinger3Tip;2390;1,395947;0,3042783
LeftFinger4Metacarpal;2390;1,270225;0,2317243
LeftFinger4Proximal;2390;1,332531;0,4413976
LeftFinger4Medial;2390;1,333908;0,4413967
LeftFinger4Distal;2390;1,334604;0,4413964
LeftFinger4Tip;2390;1,334604;0,4413964
LeftFinger5Metacarpal;2390;1,197972;0,4062547
LeftFinger5Proximal;2390;-2,043382;0,9537789
LeftFinger5Medial;2390;1,098175;0,9537806
LeftFinger5Distal;2390;-2,043442;0,9537815
LeftFinger5Tip;2390;-2,043442;0,9537813
Neck;2390;-1,411707;-0,01887131
Head;2390;-1,26149;-0,0230518
HeadTip;2390;-1,26149;-0,0230518
RightShoulder;2390;0,1720616;0,05847748
RightArm;2390;-0,8570789;-1,290926
RightForeArm;2390;-1,135335;-0,3840589
RightHand;2390;-1,29151;-0,18621
RightFinger1Metacarpal;2390;-2,054633;0,7154968
RightFinger1Proximal;2390;1,153792;0,5290645
RightFinger1Distal;2390;-1,963142;0,4642959
RightFinger1Tip;2390;-1,963143;0,4642959
RightFinger2Metacarpal;2390;1,762171;-0,01266675
RightFinger2Proximal;2390;1,857685;-0,04565152
RightFinger2Medial;2390;-1,307544;-0,04565173
RightFinger2Distal;2390;1,819255;-0,04565154
RightFinger2Tip;2390;1,819255;-0,04565162
RightFinger3Metacarpal;2390;-1,291511;-0,1862099
RightFinger3Proximal;2390;1,810864;-0,2849794
RightFinger3Medial;2390;-1,36592;-0,2849783
RightFinger3Distal;2390;1,755313;-0,2849767
RightFinger3Tip;2390;1,755313;-0,2849767
RightFinger4Metacarpal;2390;-1,208844;-0,3596794
RightFinger4Proximal;2390;2,007138;-0,5686371
RightFinger4Medial;2390;-1,163114;-0,568637
RightFinger4Distal;2390;1,962478;-0,5686365
RightFinger4Tip;2390;1,962478;-0,5686365
RightFinger5Metacarpal;2390;-1,130847;-0,5330018
RightFinger5Proximal;2390;2,326562;-1,157397
RightFinger5Medial;2390;-0,8387899;-1,157399
RightFinger5Distal;2390;2,289586;-1,1574
RightFinger5Tip;2390;2,289586;-1,1574
Hips;2689;0;0
LeftThigh;2689;0,7450157;1,484809
LeftShin;2689;0,6850737;1,221654
LeftFoot;2689;-1,663379;0,2406466
LeftToe;2689;-1,66342;0,2406466
LeftToeTip;2689;-1,66342;0,2406466
RightThigh;2689;-0,8034859;-1,477747
RightShin;2689;-0,8001097;-1,31891
RightFoot;2689;-1,536294;-0,01704902
RightToe;2689;-1,536484;-0,01704901
RightToeTip;2689;-1,536484;-0,01704901
Spine1;2689;2,719418;-0,02459349
Spine2;2689;2,719421;-0,04939617
Spine3;2689;2,71942;-0,0744556
Spine4;2689;2,71942;-0,0744556
LeftShoulder;2689;-0,0195848;-0,0284049
LeftArm;2689;1,090587;0,8159665
LeftForeArm;2689;1,43408;-0,1618559
LeftHand;2689;1,714966;-0,5305004
LeftFinger1Metacarpal;2689;2,454032;-1,174009
LeftFinger1Proximal;2689;2,368509;-0,9178693
LeftFinger1Distal;2689;2,358596;-0,8873746
LeftFinger1Tip;2689;2,358597;-0,8873747
LeftFinger2Metacarpal;2689;-1,341427;-0,7021188
LeftFinger2Proximal;2689;1,813847;-0,5007965
LeftFinger2Medial;2689;1,822163;-0,5007976
LeftFinger2Distal;2689;1,827644;-0,5007993
LeftFinger2Tip;2689;1,827642;-0,500796
LeftFinger3Metacarpal;2689;1,714966;-0,5305007
LeftFinger3Proximal;2689;1,690685;-0,3764714
LeftFinger3Medial;2689;1,705856;-0,3764723
LeftFinger3Distal;2689;1,714863;-0,3764735
LeftFinger3Tip;2689;1,714863;-0,3764732
LeftFinger4Metacarpal;2689;1,633552;-0,3583473
LeftFinger4Proximal;2689;1,586158;-0,2429949
LeftFinger4Medial;2689;1,614354;-0,242995
LeftFinger4Distal;2689;1,629254;-0,2429953
LeftFinger4Tip;2689;1,629254;-0,2429953
LeftFinger5Metacarpal;2689;1,555526;-0,1858975
LeftFinger5Proximal;2689;-1,796343;0,4026303
LeftFinger5Medial;2689;1,350514;0,402631
LeftFinger5Distal;2689;-1,788239;0,4026319
LeftFinger5Tip;2689;-1,788239;0,4026319
Neck;2689;-1,796822;-0,02779365
Head;2689;-1,484951;0,01330679
HeadTip;2689;-1,484951;0,01330679
RightShoulder;2689;0,222204;0,02063915
RightArm;2689;-0,6962558;-1,330088
RightForeArm;2689;-0,9097791;-0,6343864
RightHand;2689;-1,049916;-0,6104015
RightFinger1Metacarpal;2689;-1,823721;0,2725178
RightFinger1Proximal;2689;1,389495;0,1109739
RightFinger1Distal;2689;-1,726275;0,05896708
RightFinger1Tip;2689;-1,726276;0,05896722
RightFinger2Metacarpal;2689;1,999034;-0,4456467
RightFinger2Proximal;2689;2,060039;-0,5288613
RightFinger2Medial;2689;-1,105779;-0,5288614
RightFinger2Distal;2689;2,021598;-0,5288612
RightFinger2Tip;2689;2,021599;-0,528861
RightFinger3Metacarpal;2689;-1,049916;-0,6104013
RightFinger3Proximal;2689;2,086908;-0,7733192
RightFinger3Medial;2689;-1,08187;-0,7733186
RightFinger3Distal;2689;2,043823;-0,7733179
RightFinger3Tip;2689;2,043823;-0,7733177
RightFinger4Metacarpal;2689;-0,9631699;-0,7725041
RightFinger4Proximal;2689;2,280841;-0,9775069
RightFinger4Medial;2689;-0,8904245;-0,9775084
RightFinger4Distal;2689;2,234108;-0,977509
RightFinger4Tip;2689;2,234108;-0,9775088
RightFinger5Metacarpal;2689;-0,8817579;-0,9297339
RightFinger5Proximal;2689;2,614462;-1,284283
RightFinger5Medial;2689;-0,5574533;-1,284287
RightFinger5Distal;2689;2,567316;-1,284289
RightFinger5Tip;2689;2,567316;-1,284289
Hips;2964;0;0
LeftThigh;2964;0,7789336;1,521874
LeftShin;2964;0,7537715;1,291688
LeftFoot;2964;-1,598833;0,09996537
LeftToe;2964;-1,598909;0,09996535
LeftToeTip;2964;-1,598909;0,09996535
RightThigh;2964;-0,7716075;-1,498099
RightShin;2964;-0,7316025;-1,29704
RightFoot;2964;-1,470287;-0,1656225
RightToe;2964;-1,470439;-0,1656222
RightToeTip;2964;-1,470439;-0,1656222
Spine1;2964;1,618353;-0,01327915
Spine2;2964;1,618354;-0,02657532
Spine3;2964;1,618355;-0,03991893
Spine4;2964;1,618355;-0,03991893
LeftShoulder;2964;-0,1577743;-0,05427608
LeftArm;2964;0,7146776;1,367465
LeftForeArm;2964;0,8797752;0,7093108
LeftHand;2964;1,093431;0,6523026
LeftFinger1Metacarpal;2964;1,838791;-0,3516974
LeftFinger1Proximal;2964;1,72929;-0,1113673
LeftFinger1Distal;2964;1,712966;-0,08471306
LeftFinger1Tip;2964;1,712967;-0,08471354
LeftFinger2Metacarpal;2964;-1,958988;0,4823564
LeftFinger2Proximal;2964;1,17482;0,6233304
LeftFinger2Medial;2964;1,181688;0,6233288
LeftFinger2Distal;2964;1,186182;0,6233269
LeftFinger2Tip;2964;1,18618;0,6233278
LeftFinger3Metacarpal;2964;1,093431;0,6523024
LeftFinger3Proximal;2964;1,137834;0,8030805
LeftFinger3Medial;2964;1,143449;0,8030794
LeftFinger3Distal;2964;1,147029;0,8030784
LeftFinger3Tip;2964;1,147029;0,8030785
LeftFinger4Metacarpal;2964;1,008373;0,8208367
LeftFinger4Proximal;2964;0,9915568;1,011431
LeftFinger4Medial;2964;0,9936528;1,011431
LeftFinger4Distal;2964;0,9946979;1,01143
LeftFinger4Tip;2964;0,9946979;1,01143
LeftFinger5Metacarpal;2964;0,9270891;0,9866543
LeftFinger5Proximal;2964;-2,432698;1,458684
LeftFinger5Medial;2964;0,7106083;1,458684
LeftFinger5Distal;2964;-2,429939;1,458686
LeftFinger5Tip;2964;-2,429939;1,458684
Neck;2964;-1,448758;-0,006332512
Head;2964;-1,46959;0,02525993
HeadTip;2964;-1,46959;0,02525993
RightShoulder;2964;0,1741921;0,05035691
RightArm;2964;-0,7296557;-1,346229
RightForeArm;2964;-0,9104953;-0,6166689
RightHand;2964;-1,052993;-0,5790412
RightFinger1Metacarpal;2964;-1,833178;0,3235447
RightFinger1Proximal;2964;1,38887;0,1343305
RightFinger1Distal;2964;-1,725894;0,07875591
RightFinger1Tip;2964;-1,725895;0,07875608
RightFinger2Metacarpal;2964;2,001678;-0,412114
RightFinger2Proximal;2964;1,970595;-0,678407
RightFinger2Medial;2964;-1,182307;-0,678405
RightFinger2Distal;2964;1,951988;-0,678403
RightFinger2Tip;2964;1,951988;-0,6784038
RightFinger3Metacarpal;2964;-1,052993;-0,5790411
RightFinger3Proximal;2964;2,120582;-0,7612414
RightFinger3Medial;2964;-1,064345;-0,761241
RightFinger3Distal;2964;2,053449;-0,7612402
RightFinger3Tip;2964;2,053449;-0,7612405
RightFinger4Metacarpal;2964;-0,9718246;-0,7440386
RightFinger4Proximal;2964;2,276689;-0,9337021
RightFinger4Medial;2964;-0,9141099;-0,9337029
RightFinger4Distal;2964;2,201479;-0,9337034
RightFinger4Tip;2964;2,201479;-0,9337034
RightFinger5Metacarpal;2964;-0,8957019;-0,9054968
RightFinger5Proximal;2964;2,559428;-1,32829
RightFinger5Medial;2964;-0,6120755;-1,328294
RightFinger5Distal;2964;2,513457;-1,328297
RightFinger5Tip;2964;2,513457;-1,328297
Hips;3267;0;0
LeftThigh;3267;0,7936931;1,511476
LeftShin;3267;0,7842022;1,30555
LeftFoot;3267;-1,572473;0,03719848
LeftToe;3267;-1,572516;0,03719858
LeftToeTip;3267;-1,572516;0,03719858
RightThigh;3267;-0,7575218;-1,487246
RightShin;3267;-0,7013994;-1,265044
RightFoot;3267;-1,445367;-0,2295865
RightToe;3267;-1,44545;-0,2295863
RightToeTip;3267;-1,44545;-0,2295863
Spine1;3267;0,9568198;0,001941285
Spine2;3267;0,9568208;0,004423283
Spine3;3267;0,9568173;0,007451635
Spine4;3267;0,9568173;0,007451635
LeftShoulder;3267;-0,2237219;-0,07702145
LeftArm;3267;0,7334046;1,388631
LeftForeArm;3267;0,9742389;0,559052
LeftHand;3267;1,107405;0,4819951
LeftFinger1Metacarpal;3267;1,903444;-0,4273605
LeftFinger1Proximal;3267;1,781091;-0,1425851
LeftFinger1Distal;3267;1,757741;-0,09690296
LeftFinger1Tip;3267;1,757743;-0,09690394
LeftFinger2Metacarpal;3267;-1,942544;0,3145073
LeftFinger2Proximal;3267;1,087955;0,3334458
LeftFinger2Medial;3267;1,127079;0,3334459
LeftFinger2Distal;3267;1,149729;0,3334463
LeftFinger2Tip;3267;1,149728;0,3334448
LeftFinger3Metacarpal;3267;1,107405;0,4819948
LeftFinger3Proximal;3267;1,216607;0,6537932
LeftFinger3Medial;3267;1,231571;0,6537927
LeftFinger3Distal;3267;1,241282;0,6537915
LeftFinger3Tip;3267;1,241282;0,6537915
LeftFinger4Metacarpal;3267;1,02188;0,6480777
LeftFinger4Proximal;3267;1,172445;0,7480122
LeftFinger4Medial;3267;1,180604;0,7480118
LeftFinger4Distal;3267;1,185755;0,7480112
LeftFinger4Tip;3267;1,185755;0,7480113
LeftFinger5Metacarpal;3267;0,9418334;0,8116503
LeftFinger5Proximal;3267;-2,198026;1,221059
LeftFinger5Medial;3267;0,9435344;1,221061
LeftFinger5Distal;3267;-2,198059;1,221062
LeftFinger5Tip;3267;-2,19806;1,221061
Neck;3267;-0,8940327;0,02439522
Head;3267;-1,283266;0,03964515
HeadTip;3267;-1,283266;0,03964515
RightShoulder;3267;0,05116989;0,0827094
RightArm;3267;-1,144521;-0,685127
RightForeArm;3267;-1,502086;0,2335265
RightHand;3267;-1,603786;0,4469702
RightFinger1Metacarpal;3267;-2,395856;1,190632
RightFinger1Proximal;3267;0,8390281;0,9312267
RightFinger1Distal;3267;-2,272151;0,8414084
RightFinger1Tip;3267;-2,272152;0,8414093
RightFinger2Metacarpal;3267;1,451378;0,6188701
RightFinger2Proximal;3267;1,542641;0,3557859
RightFinger2Medial;3267;-1,612067;0,3557868
RightFinger2Distal;3267;1,521299;0,3557881
RightFinger2Tip;3267;1,521299;0,3557878
RightFinger3Metacarpal;3267;-1,603786;0,4469706
RightFinger3Proximal;3267;1,436073;0,3806459
RightFinger3Medial;3267;-1,741204;0,3806476
RightFinger3Distal;3267;1,378525;0,3806498
RightFinger3Tip;3267;1,378525;0,3806499
RightFinger4Metacarpal;3267;-1,523346;0,2746684
RightFinger4Proximal;3267;1,535944;0,2612181
RightFinger4Medial;3267;-1,635362;0,2612199
RightFinger4Distal;3267;1,488621;0,2612221
RightFinger4Tip;3267;1,488621;0,2612221
RightFinger5Metacarpal;3267;-1,448124;0,1021539
RightFinger5Proximal;3267;1,80211;-0,3737907
RightFinger5Medial;3267;-1,34534;-0,3737897
RightFinger5Distal;3267;1,792788;-0,373788
RightFinger5Tip;3267;1,792788;-0,373788
Hips;3559;0;0
LeftThigh;3559;0,7846132;1,521288
LeftShin;3559;0,7640858;1,298858
LeftFoot;3559;-1,592466;0,08180826
LeftToe;3559;-1,592464;0,08180834
LeftToeTip;3559;-1,592464;0,08180834
RightThigh;3559;-0,7682057;-1,495058
RightShin;3559;-0,7227912;-1,289353
RightFoot;3559;-1,46503;-0,1860892
RightToe;3559;-1,465144;-0,1860893
RightToeTip;3559;-1,465144;-0,1860893
Spine1;3559;1,377051;-0,002488777
Spine2;3559;1,377051;-0,004869819
Spine3;3559;1,377051;-0,007144389
Spine4;3559;1,377051;-0,007144389
LeftShoulder;3559;-0,1832118;-0,06180418
LeftArm;3559;0,6591054;1,289223
LeftForeArm;3559;0,8450981;0,8745394
LeftHand;3559;1,101759;0,791271
LeftFinger1Metacarpal;3559;1,801268;-0,2755159
LeftFinger1Proximal;3559;1,702093;-0,08254775
LeftFinger1Distal;3559;1,679036;-0,05250289
LeftFinger1Tip;3559;1,679037;-0,05250364
LeftFinger2Metacarpal;3559;-1,948845;0,6190038
LeftFinger2Proximal;3559;1,146063;0,851038
LeftFinger2Medial;3559;1,145851;0,8510356
LeftFinger2Distal;3559;1,145717;0,8510332
LeftFinger2Tip;3559;1,145715;0,8510359
LeftFinger3Metacarpal;3559;1,101759;0,7912707
LeftFinger3Proximal;3559;1,050753;0,9133791
LeftFinger3Medial;3559;1,063988;0,913379
LeftFinger3Distal;3559;1,071325;0,9133782
LeftFinger3Tip;3559;1,071325;0,913378
LeftFinger4Metacarpal;3559;1,012924;0,9625531
LeftFinger4Proximal;3559;0,9661075;1,004515
LeftFinger4Medial;3559;0,9821547;1,004515
LeftFinger4Distal;3559;0,9906488;1,004515
LeftFinger4Tip;3559;0,9906487;1,004514
LeftFinger5Metacarpal;3559;0,9262105;1,131678
LeftFinger5Proximal;3559;-2,485648;1,406381
LeftFinger5Medial;3559;0,6641735;1,406379
LeftFinger5Distal;3559;-2,472918;1,406381
LeftFinger5Tip;3559;-2,472918;1,406381
Neck;3559;-1,225744;0,001617444
Head;3559;-1,365845;0,006984335
HeadTip;3559;-1,365845;0,006984335
RightShoulder;3559;0,1487297;0,0535214
RightArm;3559;-0,7976785;-1,414953
RightForeArm;3559;-1,037188;-0,6137629
RightHand;3559;-1,228634;-0,3807264
RightFinger1Metacarpal;3559;-1,96701;0,5571145
RightFinger1Proximal;3559;1,272451;0,3057856
RightFinger1Distal;3559;-1,833505;0,2277885
RightFinger1Tip;3559;-1,833506;0,2277887
RightFinger2Metacarpal;3559;1,824851;-0,2078198
RightFinger2Proximal;3559;1,870153;-0,2717682
RightFinger2Medial;3559;-1,290705;-0,2717681
RightFinger2Distal;3559;1,839143;-0,2717673
RightFinger2Tip;3559;1,839144;-0,2717676
RightFinger3Metacarpal;3559;-1,228634;-0,3807264
RightFinger3Proximal;3559;1,901303;-0,4904358
RightFinger3Medial;3559;-1,264871;-0,4904345
RightFinger3Distal;3559;1,862572;-0,4904331
RightFinger3Tip;3559;1,862572;-0,4904333
RightFinger4Metacarpal;3559;-1,144773;-0,5533811
RightFinger4Proximal;3559;2,020855;-0,6918817
RightFinger4Medial;3559;-1,138302;-0,6918811
RightFinger4Distal;3559;1,993158;-0,6918804
RightFinger4Tip;3559;1,993158;-0,6918805
RightFinger5Metacarpal;3559;-1,064766;-0,7255841
RightFinger5Proximal;3559;2,319782;-1,336953
RightFinger5Medial;3559;-0,83151;-1,336953
RightFinger5Distal;3559;2,304524;-1,336955
RightFinger5Tip;3559;2,304524;-1,336955
Hips;3841;0;0
LeftThigh;3841;0,7835773;1,518174
LeftShin;3841;0,760582;1,300815
LeftFoot;3841;-1,59556;0,09107149
LeftToe;3841;-1,595587;0,0910715
LeftToeTip;3841;-1,595587;0,0910715
RightThigh;3841;-0,7705677;-1,493063
RightShin;3841;-0,727506;-1,296821
RightFoot;3841;-1,469615;-0,1771906
RightToe;3841;-1,469728;-0,1771906
RightToeTip;3841;-1,469728;-0,1771906
Spine1;3841;1,304111;-0,005789791
Spine2;3841;1,304141;-0,01152616
Spine3;3841;1,304164;-0,01722449
Spine4;3841;1,304164;-0,01722449
LeftShoulder;3841;-0,1610208;-0,03328577
LeftArm;3841;0,513885;1,021669
LeftForeArm;3841;0,5328535;0,8133335
LeftHand;3841;0,7565289;1,207014
LeftFinger1Metacarpal;3841;1,532706;0,2737723
LeftFinger1Proximal;3841;1,412319;0,4096802
LeftFinger1Distal;3841;1,39143;0,4202945
LeftFinger1Tip;3841;1,391432;0,4202938
LeftFinger2Metacarpal;3841;-2,280352;1,087244
LeftFinger2Proximal;3841;0,8552467;1,380231
LeftFinger2Medial;3841;0,8592278;1,380231
LeftFinger2Distal;3841;0,861796;1,380226
LeftFinger2Tip;3841;0,8617944;1,38023
LeftFinger3Metacarpal;3841;0,7565292;1,207014
LeftFinger3Proximal;3841;0,7451291;1,362053
LeftFinger3Medial;3841;0,7606584;1,362056
LeftFinger3Distal;3841;0,7699296;1,362055
LeftFinger3Tip;3841;0,7699295;1,362056
LeftFinger4Metacarpal;3841;0,6574228;1,270905
LeftFinger4Proximal;3841;0,6379771;1,348761
LeftFinger4Medial;3841;0,6637298;1,348763
LeftFinger4Distal;3841;0,6776979;1,348764
LeftFinger4Tip;3841;0,6776978;1,348764
LeftFinger5Metacarpal;3841;0,5638828;1,244236
LeftFinger5Proximal;3841;-2,749268;0,8884584
LeftFinger5Medial;3841;0,4051724;0,8884578
LeftFinger5Distal;3841;-2,729346;0,8884568
LeftFinger5Tip;3841;-2,729346;0,8884569
Neck;3841;-1,33593;-0,009865384
Head;3841;-1,406601;-0,005503324
HeadTip;3841;-1,406601;-0,005503324
RightShoulder;3841;0,1690595;0,01534078
RightArm;3841;-0,5957993;-1,199982
RightForeArm;3841;-0,6928506;-0,7525188
RightHand;3841;-0,8432339;-0,8065123
RightFinger1Metacarpal;3841;-1,670081;-0,1099098
RightFinger1Proximal;3841;1,608351;-0,3349063
RightFinger1Distal;3841;-1,486678;-0,3918765
RightFinger1Tip;3841;-1,48668;-0,3918763
RightFinger2Metacarpal;3841;2,18879;-0,6744431
RightFinger2Proximal;3841;2,168809;-0,9184836
RightFinger2Medial;3841;-0,9956241;-0,9184839
RightFinger2Distal;3841;2,132044;-0,9184821
RightFinger2Tip;3841;2,132045;-0,9184824
RightFinger3Metacarpal;3841;-0,8432348;-0,8065126
RightFinger3Proximal;3841;2,380829;-0,9878542
RightFinger3Medial;3841;-0,8366785;-0,9878547
RightFinger3Distal;3841;2,266634;-0,9878559
RightFinger3Tip;3841;2,266634;-0,9878559
RightFinger4Metacarpal;3841;-0,7435789;-0,9229038
RightFinger4Proximal;3841;2,543504;-1,068523
RightFinger4Medial;3841;-0,6958575;-1,068526
RightFinger4Distal;3841;2,398204;-1,068527
RightFinger4Tip;3841;2,398204;-1,068527
RightFinger5Metacarpal;3841;-0,6529518;-1,013353
RightFinger5Proximal;3841;2,854392;-1,012707
RightFinger5Medial;3841;-0,3473024;-1,012709
RightFinger5Distal;3841;2,761256;-1,012712
RightFinger5Tip;3841;2,761256;-1,012712
Hips;4170;0;0
LeftThigh;4170;0,8345292;1,438829
LeftShin;4170;0,8771541;1,266255
LeftFoot;4170;-1,496981;-0,1689571
LeftToe;4170;-1,497005;-0,1689571
LeftToeTip;4170;-1,497005;-0,1689571
RightThigh;4170;-0,7082546;-1,411307
RightShin;4170;-0,5987105;-1,111794
RightFoot;4170;-1,351056;-0,4441991
RightToe;4170;-1,351036;-0,444199
RightToeTip;4170;-1,351036;-0,444199
Spine1;4170;0,7210733;0,01529732
Spine2;4170;0,7210699;0,03135809
Spine3;4170;0,7210644;0,04819496
Spine4;4170;0,7210644;0,04819496
LeftShoulder;4170;-0,2788759;-0,08647016
LeftArm;4170;0,6543931;1,299935
LeftForeArm;4170;0,6972408;0,4404052
LeftHand;4170;0,4801827;0,3702508
LeftFinger1Metacarpal;4170;1,500044;0,1984017
LeftFinger1Proximal;4170;1,263145;0,7213029
LeftFinger1Distal;4170;1,195454;0,806964
LeftFinger1Tip;4170;1,195455;0,8069634
LeftFinger2Metacarpal;4170;-2,607623;0,2833396
LeftFinger2Proximal;4170;0,9098716;0,4561174
LeftFinger2Medial;4170;1,127157;0,4561183
LeftFinger2Distal;4170;1,266944;0,4561179
LeftFinger2Tip;4170;1,266942;0,4561211
LeftFinger3Metacarpal;4170;0,480183;0,3702507
LeftFinger3Proximal;4170;1,004747;0,4362376
LeftFinger3Medial;4170;1,386213;0,4362396
LeftFinger3Distal;4170;1,735763;0,43624
LeftFinger3Tip;4170;1,735763;0,4362398
LeftFinger4Metacarpal;4170;0,4353143;0,4479658
LeftFinger4Proximal;4170;1,013731;0,4640875
LeftFinger4Medial;4170;1,39503;0,4640883
LeftFinger4Distal;4170;1,7627;0,4640882
LeftFinger4Tip;4170;1,762699;0,4640881
LeftFinger5Metacarpal;4170;0,39692;0,5135351
LeftFinger5Proximal;4170;-2,218855;0,4628342
LeftFinger5Medial;4170;1,338307;0,4628325
LeftFinger5Distal;4170;-1,411015;0,4628318
LeftFinger5Tip;4170;-1,411015;0,4628319
Neck;4170;-0,8520328;-0,003243066
Head;4170;-1,46742;-0,04964304
HeadTip;4170;-1,46742;-0,04964304
RightShoulder;4170;0,01188155;0,08182552
RightArm;4170;-1,260042;-0,533431
RightForeArm;4170;-1,42074;0,03370294
RightHand;4170;-1,145377;-0,2711334
RightFinger1Metacarpal;4170;-2,031463;0,8781812
RightFinger1Proximal;4170;1,141129;0,8767666
RightFinger1Distal;4170;-1,994347;0,8659967
RightFinger1Tip;4170;-1,994347;0,8659965
RightFinger2Metacarpal;4170;2,004321;-0,1522465
RightFinger2Proximal;4170;1,585642;-0,2011127
RightFinger2Medial;4170;-2,158992;-0,2011104
RightFinger2Distal;4170;0,4685755;-0,2011099
RightFinger2Tip;4170;0,468576;-0,2011095
RightFinger3Metacarpal;4170;-1,145378;-0,2711332
RightFinger3Proximal;4170;1,34111;-0,2179978
RightFinger3Medial;4170;-2,611856;-0,2179963
RightFinger3Distal;4170;-0,04165286;-0,2179973
RightFinger3Tip;4170;-0,04165244;-0,2179973
RightFinger4Metacarpal;4170;-1,152486;-0,3853095
RightFinger4Proximal;4170;1,32296;-0,3509057
RightFinger4Medial;4170;-2,911917;-0,3509037
RightFinger4Distal;4170;-0,3512595;-0,3509052
RightFinger4Tip;4170;-0,3512594;-0,3509051
RightFinger5Metacarpal;4170;-1,158861;-0,4920697
RightFinger5Proximal;4170;1,460951;-0,391975
RightFinger5Medial;4170;-2,673977;-0,3919731
RightFinger5Distal;4170;-0,1227295;-0,3919736
RightFinger5Tip;4170;-0,1227295;-0,3919736
Hips;4505;0;0
LeftThigh;4505;0,8477696;1,39382
LeftShin;4505;0,9126472;1,230284
LeftFoot;4505;-1,468628;-0,2573789
LeftToe;4505;-1,468563;-0,2573789
LeftToeTip;4505;-1,468563;-0,2573789
RightThigh;4505;-0,6909412;-1,375212
RightShin;4505;-0,5609046;-1,05322
RightFoot;4505;-1,313451;-0,5272794
RightToe;4505;-1,313426;-0,5272793
RightToeTip;4505;-1,313426;-0,5272793
Spine1;4505;0,4243238;0,01837141
Spine2;4505;0,4243174;0,03704413
Spine3;4505;0,4243168;0,05605017
Spine4;4505;0,4243168;0,05605017
LeftShoulder;4505;-0,2423932;-0,04751289
LeftArm;4505;0,6567383;1,309306
LeftForeArm;4505;0,5693893;0,5713834
LeftHand;4505;0,3523297;0,4248026
LeftFinger1Metacarpal;4505;1,308906;0,3079522
LeftFinger1Proximal;4505;1,167704;0,8336587
LeftFinger1Distal;4505;1,119857;0,8423614
LeftFinger1Tip;4505;1,119858;0,8423612
LeftFinger2Metacarpal;4505;-2,760299;0,3599966
LeftFinger2Proximal;4505;0,7479923;0,4708785
LeftFinger2Medial;4505;0,9372269;0,4708785
LeftFinger2Distal;4505;1,064003;0,4708776
LeftFinger2Tip;4505;1,064001;0,4708798
LeftFinger3Metacarpal;4505;0,35233;0,4248025
LeftFinger3Proximal;4505;0,8111733;0,4401864
LeftFinger3Medial;4505;1,157693;0,4401874
LeftFinger3Distal;4505;1,452677;0,4401876
LeftFinger3Tip;4505;1,452677;0,4401875
LeftFinger4Metacarpal;4505;0,326991;0,4774121
LeftFinger4Proximal;4505;0,7910465;0,4640464
LeftFinger4Medial;4505;1,094652;0,4640469
LeftFinger4Distal;4505;1,356781;0,464047
LeftFinger4Tip;4505;1,356781;0,464047
LeftFinger5Metacarpal;4505;0,3043398;0,5153787
LeftFinger5Proximal;4505;-2,423328;0,4431087
LeftFinger5Medial;4505;1,037446;0,4431087
LeftFinger5Distal;4505;-1,829243;0,4431088
LeftFinger5Tip;4505;-1,829243;0,4431093
Neck;4505;-0,7733594;-0,03672211
Head;4505;-1,162001;-0,1292001
HeadTip;4505;-1,162001;-0,1292001
RightShoulder;4505;-0,001559156;0,03835121
RightArm;4505;-1,197228;-0,6439414
RightForeArm;4505;-1,372604;0,2042056
RightHand;4505;-1,017097;0,07481285
RightFinger1Metacarpal;4505;-2,166455;1,249819
RightFinger1Proximal;4505;1,134147;1,063186
RightFinger1Distal;4505;-1,994279;1,031222
RightFinger1Tip;4505;-1,994279;1,031222
RightFinger2Metacarpal;4505;2,147233;0,2098541
RightFinger2Proximal;4505;1,524295;0,1305771
RightFinger2Medial;4505;-2,189241;0,1305792
RightFinger2Distal;4505;0,6441716;0,1305799
RightFinger2Tip;4505;0,6441719;0,1305802
RightFinger3Metacarpal;4505;-1,017097;0,07481311
RightFinger3Proximal;4505;1,29072;0,1217352
RightFinger3Medial;4505;-2,455961;0,1217371
RightFinger3Distal;4505;0,3576621;0,1217371
RightFinger3Tip;4505;0,3576623;0,121737
RightFinger4Metacarpal;4505;-1,035356;-0,06113521
RightFinger4Proximal;4505;1,23303;0,0227514
RightFinger4Medial;4505;-2,625424;0,02275325
RightFinger4Distal;4505;0,1661895;0,0227531
RightFinger4Tip;4505;0,1661897;0,022753
RightFinger5Metacarpal;4505;-1,05054;-0,1963427
RightFinger5Proximal;4505;1,332051;-0,01548696
RightFinger5Medial;4505;-2,445918;-0,01548543
RightFinger5Distal;4505;0,3628818;-0,01548509
RightFinger5Tip;4505;0,3628818;-0,01548509
Hips;4818;0;0
LeftThigh;4818;0,7237582;1,446087
LeftShin;4818;0,6397442;1,165697
LeftFoot;4818;-1,704376;0,3359792
LeftToe;4818;-1,704455;0,3359791
LeftToeTip;4818;-1,704455;0,3359791
RightThigh;4818;-0,8263302;-1,443365
RightShin;4818;-0,8443041;-1,317149
RightFoot;4818;-1,575459;0,07148068
RightToe;4818;-1,575732;0,07148091
RightToeTip;4818;-1,575732;0,07148091
Spine1;4818;-2,855477;-0,0157611
Spine2;4818;-2,855472;-0,03148048
Spine3;4818;-2,855475;-0,04719943
Spine4;4818;-2,855475;-0,04719943
LeftShoulder;4818;-0,02561184;0,01102396
LeftArm;4818;1,14578;0,7623855
LeftForeArm;4818;1,361113;-0,0847771
LeftHand;4818;1,002452;-0,2900951
LeftFinger1Metacarpal;4818;2,096992;-1,05412
LeftFinger1Proximal;4818;1,861659;-0,4993974
LeftFinger1Distal;4818;1,800348;-0,3349212
LeftFinger1Tip;4818;1,800349;-0,3349221
LeftFinger2Metacarpal;4818;-2,103086;-0,4641405
LeftFinger2Proximal;4818;1,500366;-0,2446409
LeftFinger2Medial;4818;1,780038;-0,2446394
LeftFinger2Distal;4818;1,953947;-0,2446396
LeftFinger2Tip;4818;1,953946;-0,244637
LeftFinger3Metacarpal;4818;1,002453;-0,2900956
LeftFinger3Proximal;4818;1,591994;-0,2466027
LeftFinger3Medial;4818;2,029598;-0,2466018
LeftFinger3Distal;4818;2,368787;-0,2466018
LeftFinger3Tip;4818;2,368786;-0,2466018
LeftFinger4Metacarpal;4818;0,9734963;-0,1160094
LeftFinger4Proximal;4818;1,603923;-0,1710382
LeftFinger4Medial;4818;2,016068;-0,1710384
LeftFinger4Distal;4818;2,336086;-0,1710385
LeftFinger4Tip;4818;2,336086;-0,1710387
LeftFinger5Metacarpal;4818;0,9494333;0,05809788
LeftFinger5Proximal;4818;-1,651906;-0,08381572
LeftFinger5Medial;4818;1,890901;-0,08381728
LeftFinger5Distal;4818;-0,940985;-0,08381766
LeftFinger5Tip;4818;-0,9409848;-0,08381751
Neck;4818;-1,747668;0,06798764
Head;4818;-1,535483;0,1811292
HeadTip;4818;-1,535483;0,1811292
RightShoulder;4818;0,1403556;-0,01640787
RightArm;4818;-0,8605915;-1,396987
RightForeArm;4818;-0,8622648;-0,2485194
RightHand;4818;-0,6355879;-0,1200318
RightFinger1Metacarpal;4818;-1,568473;0,55072
RightFinger1Proximal;4818;1,637764;0,1126178
RightFinger1Distal;4818;-1,493833;0,03861507
RightFinger1Tip;4818;-1,493832;0,03861519
RightFinger2Metacarpal;4818;2,511761;0,04953369
RightFinger2Proximal;4818;2,134028;-0,1737031
RightFinger2Medial;4818;-1,554323;-0,1737024
RightFinger2Distal;4818;1,157739;-0,1737003
RightFinger2Tip;4818;1,157739;-0,1737004
RightFinger3Metacarpal;4818;-0,6355886;-0,1200315
RightFinger3Proximal;4818;1,943582;-0,16031
RightFinger3Medial;4818;-1,882858;-0,1603081
RightFinger3Distal;4818;0,7315616;-0,1603066
RightFinger3Tip;4818;0,7315619;-0,1603065
RightFinger4Metacarpal;4818;-0,6405346;-0,2893793
RightFinger4Proximal;4818;1,912287;-0,1443923
RightFinger4Medial;4818;-2,100915;-0,1443903
RightFinger4Distal;4818;0,4624683;-0,1443893
RightFinger4Tip;4818;0,4624683;-0,1443895
RightFinger5Metacarpal;4818;-0,644891;-0,4581649
RightFinger5Proximal;4818;2,016624;-0,1379282
RightFinger5Medial;4818;-1,871061;-0,1379277
RightFinger5Distal;4818;0,7516782;-0,1379259
RightFinger5Tip;4818;0,7516782;-0,1379259
Hips;5158;0;0
LeftThigh;5158;0,6833898;1,366575
LeftShin;5158;0,5581319;1,022345
LeftFoot;5158;-1,794444;0,5023773
LeftToe;5158;-1,794236;0,5023775
LeftToeTip;5158;-1,794236;0,5023775
RightThigh;5158;-0,8648058;-1,360975
RightShin;5158;-0,9233006;-1,211446
RightFoot;5158;-1,659869;0,2386309
RightToe;5158;-1,660175;0,2386311
RightToeTip;5158;-1,660175;0,2386311
Spine1;5158;-2,905385;-0,06624673
Spine2;5158;-2,905373;-0,1323572
Spine3;5158;-2,90537;-0,1983017
Spine4;5158;-2,90537;-0,1983017
LeftShoulder;5158;0,1453381;0,01351315
LeftArm;5158;1,386343;0,2737336
LeftForeArm;5158;1,569137;-0,1732906
LeftHand;5158;1,34698;-0,1554133
LeftFinger1Metacarpal;5158;2,28312;-1,351283
LeftFinger1Proximal;5158;2,140112;-1,04574
LeftFinger1Distal;5158;2,094723;-0,8601974
LeftFinger1Tip;5158;2,094724;-0,8601983
LeftFinger2Metacarpal;5158;-1,76002;-0,2905768
LeftFinger2Proximal;5158;1,708177;-0,2202501
LeftFinger2Medial;5158;1,909606;-0,2202495
LeftFinger2Distal;5158;2,055808;-0,2202495
LeftFinger2Tip;5158;2,055806;-0,2202483
LeftFinger3Metacarpal;5158;1,34698;-0,1554133
LeftFinger3Proximal;5158;1,773416;-0,2031544
LeftFinger3Medial;5158;2,131237;-0,203154
LeftFinger3Distal;5158;2,482711;-0,2031546
LeftFinger3Tip;5158;2,482711;-0,2031545
LeftFinger4Metacarpal;5158;1,316704;-0,01837399
LeftFinger4Proximal;5158;1,754604;-0,1163395
LeftFinger4Medial;5158;2,076225;-0,1163402
LeftFinger4Distal;5158;2,394156;-0,1163407
LeftFinger4Tip;5158;2,394156;-0,1163406
LeftFinger5Metacarpal;5158;1,289643;0,118883
LeftFinger5Proximal;5158;-1,457745;-0,06699314
LeftFinger5Medial;5158;1,945204;-0,06699405
LeftFinger5Distal;5158;-0,9608282;-0,06699426
LeftFinger5Tip;5158;-0,9608281;-0,06699425
Neck;5158;-2,066679;0,05808027
Head;5158;-1,810604;0,3113747
HeadTip;5158;-1,810604;0,3113747
RightShoulder;5158;0,2899517;-0,02512916
RightArm;5158;-0,6210913;-1,230969
RightForeArm;5158;-0,5598955;0,1318015
RightHand;5158;-0,1525525;0,3098899
RightFinger1Metacarpal;5158;-1,275308;0,07940727
RightFinger1Proximal;5158;2,010346;-0,4006327
RightFinger1Distal;5158;-1,112686;-0,5031921
RightFinger1Tip;5158;-1,112686;-0,5031918
RightFinger2Metacarpal;5158;3,018452;0,4019658
RightFinger2Proximal;5158;2,352169;0,2582969
RightFinger2Medial;5158;-1,434934;0,258296
RightFinger2Distal;5158;1,362851;0,2582977
RightFinger2Tip;5158;1,362852;0,2582975
RightFinger3Metacarpal;5158;-0,1525535;0,3098899
RightFinger3Proximal;5158;2,070893;0,3093843
RightFinger3Medial;5158;-1,792778;0,3093848
RightFinger3Distal;5158;0,9910884;0,309387
RightFinger3Tip;5158;0,9910887;0,3093872
RightFinger4Metacarpal;5158;-0,1765636;0,2109775
RightFinger4Proximal;5158;2,003014;0,4303601
RightFinger4Medial;5158;-1,992901;0,4303606
RightFinger4Distal;5158;0,7876606;0,4303629
RightFinger4Tip;5158;0,7876607;0,4303629
RightFinger5Metacarpal;5158;-0,1967953;0,1077223
RightFinger5Proximal;5158;2,160496;0,4263265
RightFinger5Medial;5158;-1,824468;0,426326
RightFinger5Distal;5158;0,9589162;0,426328
RightFinger5Tip;5158;0,9589162;0,426328
Hips;5486;0;0
LeftThigh;5486;0,7693534;1,515363
LeftShin;5486;0,734064;1,277763
LeftFoot;5486;-1,622609;0,142712
LeftToe;5486;-1,622566;0,1427121
LeftToeTip;5486;-1,622566;0,1427121
RightThigh;5486;-0,7781776;-1,490973
RightShin;5486;-0,74618;-1,30646
RightFoot;5486;-1,48263;-0,1335628
RightToe;5486;-1,482839;-0,1335626
RightToeTip;5486;-1,482839;-0,1335626
Spine1;5486;2,061651;-0,03619238
Spine2;5486;2,061676;-0,07240434
Spine3;5486;2,061669;-0,1087194
Spine4;5486;2,061669;-0,1087194
LeftShoulder;5486;0,002853531;-0,01118576
LeftArm;5486;1,175679;0,7232626
LeftForeArm;5486;1,350238;0,004301313
LeftHand;5486;1,078704;-0,03423874
LeftFinger1Metacarpal;5486;2,050655;-1,090736
LeftFinger1Proximal;5486;1,908253;-0,6445539
LeftFinger1Distal;5486;1,869341;-0,5182242
LeftFinger1Tip;5486;1,869341;-0,5182251
LeftFinger2Metacarpal;5486;-2,035728;-0,2017229
LeftFinger2Proximal;5486;1,455291;-0,009296735
LeftFinger2Medial;5486;1,7117;-0,009295519
LeftFinger2Distal;5486;1,896081;-0,009295752
LeftFinger2Tip;5486;1,896079;-0,009293562
LeftFinger3Metacarpal;5486;1,078704;-0,03423901
LeftFinger3Proximal;5486;1,553442;-0,02191436
LeftFinger3Medial;5486;1,983415;-0,02191359
LeftFinger3Distal;5486;2,379882;-0,02191387
LeftFinger3Tip;5486;2,379882;-0,02191388
LeftFinger4Metacarpal;5486;1,055521;0,1333212
LeftFinger4Proximal;5486;1,550533;0,06388415
LeftFinger4Medial;5486;1,949034;0,06388371
LeftFinger4Distal;5486;2,320144;0,06388334
LeftFinger4Tip;5486;2,320143;0,06388316
LeftFinger5Metacarpal;5486;1,035234;0,3005542
LeftFinger5Proximal;5486;-1,676237;0,1324259
LeftFinger5Medial;5486;1,803848;0,1324246
LeftFinger5Distal;5486;-1,034792;0,1324245
LeftFinger5Tip;5486;-1,034792;0,1324245
Neck;5486;-1,708135;-0,00610421
Head;5486;-1,67556;0,09699101
HeadTip;5486;-1,67556;0,09699101
RightShoulder;5486;0,186893;0,002504229
RightArm;5486;-0,8207529;-1,43788
RightForeArm;5486;-0,9758277;0,3447358
RightHand;5486;-0,6012868;0,683126
RightFinger1Metacarpal;5486;-2,069396;0,6094704
RightFinger1Proximal;5486;1,487155;0,211604
RightFinger1Distal;5486;-1,612403;0,144002
RightFinger1Tip;5486;-1,612403;0,1440017
RightFinger2Metacarpal;5486;2,544651;0,8380778
RightFinger2Proximal;5486;1,723382;0,6907358
RightFinger2Medial;5486;-1,879142;0,6907359
RightFinger2Distal;5486;1,08194;0,6907384
RightFinger2Tip;5486;1,08194;0,6907381
RightFinger3Metacarpal;5486;-0,6012889;0,6831259
RightFinger3Proximal;5486;1,518882;0,6791376
RightFinger3Medial;5486;-2,040341;0,6791396
RightFinger3Distal;5486;0,9016434;0,6791409
RightFinger3Tip;5486;0,9016435;0,6791409
RightFinger4Metacarpal;5486;-0,6042163;0,5234915
RightFinger4Proximal;5486;1,435485;0,7369659
RightFinger4Medial;5486;-2,176032;0,7369673
RightFinger4Distal;5486;0,7398407;0,7369686
RightFinger4Tip;5486;0,7398408;0,7369686
RightFinger5Metacarpal;5486;-0,6063502;0,3612058
RightFinger5Proximal;5486;1,55214;0,6969195
RightFinger5Medial;5486;-2,078412;0,69692
RightFinger5Distal;5486;0,8534613;0,6969216
RightFinger5Tip;5486;0,8534613;0,6969216
Hips;5800;0;0
LeftThigh;5800;0,7951447;1,463616
LeftShin;5800;0,7953547;0,9763554
LeftFoot;5800;-1,60268;0,04301842
LeftToe;5800;-1,606458;0,04301758
LeftToeTip;5800;-1,606458;0,04301758
RightThigh;5800;-0,7535387;-1,469453
RightShin;5800;-0,6952167;-1,072213
RightFoot;5800;-1,465618;-0,223196
RightToe;5800;-1,465682;-0,2231958
RightToeTip;5800;-1,465682;-0,2231958
Spine1;5800;-2,173084;-0,02074647
Spine2;5800;-2,173085;-0,04094904
Spine3;5800;-2,173083;-0,0606248
Spine4;5800;-2,173083;-0,0606248
LeftShoulder;5800;-0,05129576;0,08434498
LeftArm;5800;0,8212943;1,321052
LeftForeArm;5800;0,7894007;0,6093212
LeftHand;5800;0,5873091;0,6059722
LeftFinger1Metacarpal;5800;1,417509;0,02249335
LeftFinger1Proximal;5800;1,375146;0,3900411
LeftFinger1Distal;5800;1,361231;0,4125764
LeftFinger1Tip;5800;1,361232;0,412576
LeftFinger2Metacarpal;5800;-2,534231;0,467815
LeftFinger2Proximal;5800;0,8517386;0,7230976
LeftFinger2Medial;5800;1,049881;0,7230985
LeftFinger2Distal;5800;1,220262;0,7230981
LeftFinger2Tip;5800;1,22026;0,7231016
LeftFinger3Metacarpal;5800;0,5873092;0,6059722
LeftFinger3Proximal;5800;0,9212083;0,7006691
LeftFinger3Medial;5800;1,288839;0,7006704
LeftFinger3Distal;5800;1,754263;0,7006708
LeftFinger3Tip;5800;1,754262;0,700671
LeftFinger4Metacarpal;5800;0,5691206;0,7353847
LeftFinger4Proximal;5800;0,9072724;0,7724042
LeftFinger4Medial;5800;1,227173;0,7724047
LeftFinger4Distal;5800;1,637294;0,7724046
LeftFinger4Tip;5800;1,637293;0,7724048
LeftFinger5Metacarpal;5800;0,5523145;0,8507919
LeftFinger5Proximal;5800;-2,295771;0,8491838
LeftFinger5Medial;5800;1,083719;0,849183
LeftFinger5Distal;5800;-1,779882;0,8491833
LeftFinger5Tip;5800;-1,779882;0,8491836
Neck;5800;-1,841666;0,01344211
Head;5800;-1,763921;0,0878929
HeadTip;5800;-1,763921;0,0878929
RightShoulder;5800;0,07063719;-0,09513284
RightArm;5800;-0,9678161;-1,204771
RightForeArm;5800;-1,139524;0,001596221
RightHand;5800;-0,9810841;0,3292995
RightFinger1Metacarpal;5800;-2,108894;1,128322
RightFinger1Proximal;5800;1,274937;0,6318536
RightFinger1Distal;5800;-1,83254;0,5424228
RightFinger1Tip;5800;-1,83254;0,5424227
RightFinger2Metacarpal;5800;2,136273;0,5013677
RightFinger2Proximal;5800;1,61173;0,3752312
RightFinger2Medial;5800;-1,928741;0,375233
RightFinger2Distal;5800;0,9900996;0,3752348
RightFinger2Tip;5800;0,9901;0,3752349
RightFinger3Metacarpal;5800;-0,9810854;0,3292996
RightFinger3Proximal;5800;1,450518;0,365639
RightFinger3Medial;5800;-2,157048;0,365641
RightFinger3Distal;5800;0,6877032;0,3656421
RightFinger3Tip;5800;0,6877035;0,3656421
RightFinger4Metacarpal;5800;-0,9619241;0,1569581
RightFinger4Proximal;5800;1,427043;0,3161044
RightFinger4Medial;5800;-2,296502;0,3161068
RightFinger4Distal;5800;0,4750161;0,3161072
RightFinger4Tip;5800;0,4750161;0,3161072
RightFinger5Metacarpal;5800;-0,946187;-0,01550439
RightFinger5Proximal;5800;1,538633;0,2759621
RightFinger5Medial;5800;-2,147149;0,2759637
RightFinger5Distal;5800;0,6682593;0,2759642
RightFinger5Tip;5800;0,6682593;0,2759642
Hips;6133;0;0
LeftThigh;6133;0,7562243;1,300918
LeftShin;6133;0,702646;1,283014
LeftFoot;6133;-1,727179;0,2390276
LeftToe;6133;-1,72649;0,2390277
LeftToeTip;6133;-1,72649;0,2390277
RightThigh;6133;-0,7666982;-1,530024
RightShin;6133;-0,7263212;-1,0176
RightFoot;6133;-1,490525;-0,160532
RightToe;6133;-1,490525;-0,1605319
RightToeTip;6133;-1,490525;-0,1605319
Spine1;6133;-1,319993;-0,009156486
Spine2;6133;-1,319999;-0,01848891
Spine3;6133;-1,319999;-0,02801543
Spine4;6133;-1,319999;-0,02801543
LeftShoulder;6133;-0,1088776;0,07763525
LeftArm;6133;0,7397753;1,237287
LeftForeArm;6133;0,6856523;0,7678946
LeftHand;6133;0,5023946;0,7155741
LeftFinger1Metacarpal;6133;1,292194;0,28646
LeftFinger1Proximal;6133;1,263571;0,6163412
LeftFinger1Distal;6133;1,253701;0,5993195
LeftFinger1Tip;6133;1,253702;0,5993192
LeftFinger2Metacarpal;6133;-2,616151;0,6139502
LeftFinger2Proximal;6133;0,7266781;0,8405577
LeftFinger2Medial;6133;0,8841537;0,8405584
LeftFinger2Distal;6133;1,020799;0,8405581
LeftFinger2Tip;6133;1,020797;0,8405609
LeftFinger3Metacarpal;6133;0,5023948;0,7155738
LeftFinger3Proximal;6133;0,7775043;0,8235514
LeftFinger3Medial;6133;1,067853;0,8235529
LeftFinger3Distal;6133;1,461563;0,8235532
LeftFinger3Tip;6133;1,461563;0,8235532
LeftFinger4Metacarpal;6133;0,4811538;0,7981433
LeftFinger4Proximal;6133;0,7577134;0,8725622
LeftFinger4Medial;6133;0,9971342;0,8725628
LeftFinger4Distal;6133;1,313737;0,8725629
LeftFinger4Tip;6133;1,313736;0,8725634
LeftFinger5Metacarpal;6133;0,4612418;0,8546134
LeftFinger5Proximal;6133;-2,435149;0,9248593
LeftFinger5Medial;6133;0,8830801;0,9248596
LeftFinger5Distal;6133;-2,051681;0,9248599
LeftFinger5Tip;6133;-2,051681;0,9248601
Neck;6133;-1,628357;0,08045948
Head;6133;-1,684096;0,1914942
HeadTip;6133;-1,684096;0,1914942
RightShoulder;6133;0,02602014;-0,08747374
RightArm;6133;-1,004825;-1,130213
RightForeArm;6133;-1,115622;-0,1644734
RightHand;6133;-0,926786;0,07533978
RightFinger1Metacarpal;6133;-1,962702;1,059357
RightFinger1Proximal;6133;1,326589;0,6318566
RightFinger1Distal;6133;-1,786138;0,5300367
RightFinger1Tip;6133;-1,786137;0,5300367
RightFinger2Metacarpal;6133;2,206692;0,2463633
RightFinger2Proximal;6133;1,822584;0,1239368
RightFinger2Medial;6133;-1,75461;0,1239382
RightFinger2Distal;6133;1,116047;0,1239402
RightFinger2Tip;6133;1,116047;0,12394
RightFinger3Metacarpal;6133;-0,9267869;0,07533997
RightFinger3Proximal;6133;1,664126;0,1014357
RightFinger3Medial;6133;-1,987282;0,1014377
RightFinger3Distal;6133;0,8166081;0,1014391
RightFinger3Tip;6133;0,8166083;0,1014394
RightFinger4Metacarpal;6133;-0,9200501;-0,09576904
RightFinger4Proximal;6133;1,66989;0,05801296
RightFinger4Medial;6133;-2,090864;0,05801508
RightFinger4Distal;6133;0,6458945;0,05801586
RightFinger4Tip;6133;0,6458945;0,05801578
RightFinger5Metacarpal;6133;-0,9142864;-0,2667645
RightFinger5Proximal;6133;1,718469;0,005459837
RightFinger5Medial;6133;-1,931089;0,005461367
RightFinger5Distal;6133;0,8681771;0,005462695
RightFinger5Tip;6133;0,8681771;0,005462695
Hips;6452;0;0
LeftThigh;6452;0,8769032;1,369703
LeftShin;6452;0,9546496;0,9039462
LeftFoot;6452;-1,438459;-0,28135
LeftToe;6452;-1,43953;-0,2813503
LeftToeTip;6452;-1,43953;-0,2813503
RightThigh;6452;-0,673902;-1,129176
RightShin;6452;-0,6349185;-1,262164
RightFoot;6452;-1,380987;-0,2426626
RightToe;6452;-1,377939;-0,2426626
RightToeTip;6452;-1,377939;-0,2426626
Spine1;6452;-0,8326119;-0,001349958
Spine2;6452;-0,8313635;-0,005437358
Spine3;6452;-0,8317775;-0,01221173
Spine4;6452;-0,8317775;-0,01221173
LeftShoulder;6452;-0,0258402;0,1702162
LeftArm;6452;1,024115;0,7712159
LeftForeArm;6452;0,9462305;1,116433
LeftHand;6452;0,6841555;1,199328
LeftFinger1Metacarpal;6452;1,195508;0,7454209
LeftFinger1Proximal;6452;1,325387;0,4640238
LeftFinger1Distal;6452;1,378169;0,2788637
LeftFinger1Tip;6452;1,37817;0,2788644
LeftFinger2Metacarpal;6452;-2,442803;1,348732
LeftFinger2Proximal;6452;0,6681912;1,184298
LeftFinger2Medial;6452;0,6006006;1,184298
LeftFinger2Distal;6452;0,5408287;1,184298
LeftFinger2Tip;6452;0,5408269;1,184294
LeftFinger3Metacarpal;6452;0,6841553;1,199328
LeftFinger3Proximal;6452;0,6474529;1,158698
LeftFinger3Medial;6452;0,5335802;1,158697
LeftFinger3Distal;6452;0,3952336;1,158697
LeftFinger3Tip;6452;0,3952337;1,158697
LeftFinger4Metacarpal;6452;0,6691483;1,034948
LeftFinger4Proximal;6452;0,6091464;1,056479
LeftFinger4Medial;6452;0,4916952;1,056479
LeftFinger4Distal;6452;0,3709975;1,056479
LeftFinger4Tip;6452;0,3709978;1,056479
LeftFinger5Metacarpal;6452;0,6535211;0,8660092
LeftFinger5Proximal;6452;-2,544061;0,9752117
LeftFinger5Medial;6452;0,479409;0,975212
LeftFinger5Distal;6452;-2,771921;0,9752113
LeftFinger5Tip;6452;-2,771922;0,9752108
Neck;6452;-0,9172111;-0,4200653
Head;6452;-0,9541781;-0,8284849
HeadTip;6452;-0,9541781;-0,8284849
RightShoulder;6452;0,02451359;-0,1675818
RightArm;6452;-0,6212881;-1,182968
RightForeArm;6452;-0,3783112;-0,496935
RightHand;6452;-0,2300111;-0,4999627
RightFinger1Metacarpal;6452;-1,135896;-0,7252334
RightFinger1Proximal;6452;2,042078;-0,855429
RightFinger1Distal;6452;-1,089547;-0,8901702
RightFinger1Tip;6452;-1,089547;-0,8901696
RightFinger2Metacarpal;6452;2,87299;-0,5011324
RightFinger2Proximal;6452;2,80002;-0,5437621
RightFinger2Medial;6452;-0,4768417;-0,5437641
RightFinger2Distal;6452;2,580692;-0,5437653
RightFinger2Tip;6452;2,580692;-0,5437651
RightFinger3Metacarpal;6452;-0,230012;-0,499963
RightFinger3Proximal;6452;2,935793;-0,5314195
RightFinger3Medial;6452;-0,4879237;-0,5314217
RightFinger3Distal;6452;2,470968;-0,5314232
RightFinger3Tip;6452;2,470968;-0,5314232
RightFinger4Metacarpal;6452;-0,1961138;-0,4822818
RightFinger4Proximal;6452;2,985421;-0,5257358
RightFinger4Medial;6452;-0,4498494;-0,5257373
RightFinger4Distal;6452;2,496756;-0,5257385
RightFinger4Tip;6452;2,496756;-0,5257388
RightFinger5Metacarpal;6452;-0,1657309;-0,4490584
RightFinger5Proximal;6452;3,066558;-0,4051784
RightFinger5Medial;6452;-0,2380385;-0,405179
RightFinger5Distal;6452;2,799928;-0,4051806
RightFinger5Tip;6452;2,799928;-0,4051806
Hips;6782;0;0
LeftThigh;6782;0,7010407;1,326764
LeftShin;6782;0,6493589;1,231711
LeftFoot;6782;-1,665501;0,2115397
LeftToe;6782;-1,65439;0,2115379
LeftToeTip;6782;-1,65439;0,2115379
RightThigh;6782;-0,7240379;-1,044292
RightShin;6782;-0,6441661;-1,289012
RightFoot;6782;-1,515968;-0,3383906
RightToe;6782;-1,514697;-0,3383905
RightToeTip;6782;-1,514697;-0,3383905
Spine1;6782;-0,4460093;0,005263279
Spine2;6782;-0,4460093;0,006236293
Spine3;6782;-0,4460103;0,002885705
Spine4;6782;-0,4460103;0,002885705
LeftShoulder;6782;0,0111788;0,1407326
LeftArm;6782;1,092746;0,586297
LeftForeArm;6782;1,131119;0,7794297
LeftHand;6782;0,9354741;1,130923
LeftFinger1Metacarpal;6782;1,421273;0,4215954
LeftFinger1Proximal;6782;1,619678;0,05700618
LeftFinger1Distal;6782;1,691387;-0,1106306
LeftFinger1Tip;6782;1,691387;-0,11063
LeftFinger2Metacarpal;6782;-2,205917;1,235018
LeftFinger2Proximal;6782;0,915582;1,013658
LeftFinger2Medial;6782;0,8286946;1,013658
LeftFinger2Distal;6782;0,7395191;1,013659
LeftFinger2Tip;6782;0,7395174;1,013656
LeftFinger3Metacarpal;6782;0,9354741;1,130923
LeftFinger3Proximal;6782;0,8928775;0,9819958
LeftFinger3Medial;6782;0,7343799;0,9819961
LeftFinger3Distal;6782;0,4930263;0,9819962
LeftFinger3Tip;6782;0,4930265;0,981996
LeftFinger4Metacarpal;6782;0,9352641;0,9935516
LeftFinger4Proximal;6782;0,8558728;0,9046
LeftFinger4Medial;6782;0,6823072;0,9046
LeftFinger4Distal;6782;0,4584136;0,9046006
LeftFinger4Tip;6782;0,458414;0,9045998
LeftFinger5Metacarpal;6782;0,935045;0,8415405
LeftFinger5Proximal;6782;-2,287076;0,8067023
LeftFinger5Medial;6782;0,6745871;0,8067017
LeftFinger5Distal;6782;-2,672107;0,8067011
LeftFinger5Tip;6782;-2,672107;0,8067012
Neck;6782;-0,6710029;-0,4686682
Head;6782;-0,7850207;-0,9422418
HeadTip;6782;-0,7850207;-0,9422418
RightShoulder;6782;0,04109394;-0,1361397
RightArm;6782;-0,4779819;-0,8808944
RightForeArm;6782;-0,1065197;-0,07817528
RightHand;6782;0,02561224;-0,3016554
RightFinger1Metacarpal;6782;-0,875928;-1,140576
RightFinger1Proximal;6782;2,306795;-1,309147
RightFinger1Distal;6782;-0,8299416;-1,32681
RightFinger1Tip;6782;-0,8299415;-1,32681
RightFinger2Metacarpal;6782;3,133634;-0,3847249
RightFinger2Proximal;6782;2,993561;-0,3346143
RightFinger2Medial;6782;-0,273593;-0,3346162
RightFinger2Distal;6782;2,791418;-0,3346181
RightFinger2Tip;6782;2,791418;-0,3346176
RightFinger3Metacarpal;6782;0,02561149;-0,3016558
RightFinger3Proximal;6782;-3,052051;-0,2876428
RightFinger3Medial;6782;-0,3369126;-0,2876444
RightFinger3Distal;6782;2,525197;-0,2876462
RightFinger3Tip;6782;2,525197;-0,2876464
RightFinger4Metacarpal;6782;0,05514578;-0,2114474
RightFinger4Proximal;6782;-2,974165;-0,2534406
RightFinger4Medial;6782;-0,3175434;-0,2534413
RightFinger4Distal;6782;2,472407;-0,2534432
RightFinger4Tip;6782;2,472407;-0,2534431
RightFinger5Metacarpal;6782;0,08166882;-0,1165336
RightFinger5Proximal;6782;-2,859222;0,3150438
RightFinger5Medial;6782;0,1412398;0,3150448
RightFinger5Distal;6782;-3,105155;0,3150434
RightFinger5Tip;6782;-3,105155;0,3150434
